INPUT,FOUND_BY,DTXSID,PREFERRED_NAME,CASRN,DTXCID,INCHIKEY,IUPAC_NAME,MOLECULAR_FORMULA,AVERAGE_MASS,MONOISOTOPIC_MASS,BIOCONCENTRATION_FACTOR_TEST_PRED,BOILING_POINT_DEGC_TEST_PRED,48HR_DAPHNIA_LC50_MOL/L_TEST_PRED,DENSITY_G/CM^3_TEST_PRED,DEVTOX_TEST_PRED,96HR_FATHEAD_MINNOW_MOL/L_TEST_PRED,FLASH_POINT_DEGC_TEST_PRED,MELTING_POINT_DEGC_TEST_PRED,AMES_MUTAGENICITY_TEST_PRED,ORAL_RAT_LD50_MOL/KG_TEST_PRED,SURFACE_TENSION_DYN/CM_TEST_PRED,THERMAL_CONDUCTIVITY_MW/(M*K)_TEST_PRED,TETRAHYMENA_PYRIFORMIS_IGC50_MOL/L_TEST_PRED,VISCOSITY_CP_CP_TEST_PRED,VAPOR_PRESSURE_MMHG_TEST_PRED,WATER_SOLUBILITY_MOL/L_TEST_PRED,ATMOSPHERIC_HYDROXYLATION_RATE_(AOH)_CM3/MOLECULE*SEC_OPERA_PRED,BIOCONCENTRATION_FACTOR_OPERA_PRED,BIODEGRADATION_HALF_LIFE_DAYS_DAYS_OPERA_PRED,BOILING_POINT_DEGC_OPERA_PRED,HENRYS_LAW_ATM-M3/MOLE_OPERA_PRED,OPERA_KM_DAYS_OPERA_PRED,OCTANOL_AIR_PARTITION_COEFF_LOGKOA_OPERA_PRED,SOIL_ADSORPTION_COEFFICIENT_KOC_L/KG_OPERA_PRED,OCTANOL_WATER_PARTITION_LOGP_OPERA_PRED,MELTING_POINT_DEGC_OPERA_PRED,OPERA_PKAA_OPERA_PRED,OPERA_PKAB_OPERA_PRED,VAPOR_PRESSURE_MMHG_OPERA_PRED,WATER_SOLUBILITY_MOL/L_OPERA_PRED
"2,4-D",Expert Validated Synonym,DTXSID0020442,"2,4-Dichlorophenoxyacetic acid",94-75-7,DTXCID80442,OVSKIKFHRZPJSS-UHFFFAOYSA-N,"(2,4-Dichlorophenoxy)acetic acid",C8H6Cl2O3,221.03,219.9693995,4.61318,311.414,0.000200447,1.473,0.523,0.0000781628,167.216,132.353,0.031,0.00261818,45.206,142.278,0.000111173,19.0985,0.0000109901,0.00199986,8.50675E-12,3.33894,3.54877,300.498,2.95974E-9,0.214166,8.64937,45.9586,2.80925,140.55,N/A,N/A,2.88557E-7,0.00684596
"2,4-DB",Synonym,DTXSID7024035,"2,4-Dichlorophenoxybutyric acid",94-82-6,DTXCID304035,YIVXMZJTEQBPQO-UHFFFAOYSA-N,"4-(2,4-Dichlorophenoxy)butanoic acid",C10H10Cl2O3,249.09,248.0006996,15.5597,321.218,0.0000758578,1.397,0.701,0.000042658,176.943,131.139,0.07,0.0027227,43.636,140.231,0.0000355631,18.7932,0.0000110408,0.00034435,1.32421E-11,3.46699,3.53939,324.304,1.46881E-9,0.0874687,8.52581,280.599,3.52802,118.124,N/A,N/A,4.29731E-7,0.000627691
ACETOCHLOR,Approved Name,DTXSID8023848,Acetochlor,34256-82-1,DTXCID303848,VTNQPKFIQCLBDU-UHFFFAOYSA-N,2-Chloro-N-(ethoxymethyl)-N-(2-ethyl-6-methylphenyl)acetamide,C14H20ClNO2,269.77,269.1182566,18.578,338.331,0.0000222331,1.109,0.644,0.000022856,193.475,20.54,0.459,0.00390841,N/A,144.967,0.0000305492,39.355,0.00000699842,0.000796159,1.70445E-11,59.6099,4.88397,299.538,9.95484E-9,0.124656,9.72039,209.152,3.03176,19.0669,N/A,N/A,0.000015375,0.000893355
ALACHLOR,Approved Name,DTXSID1022265,Alachlor,15972-60-8,DTXCID402265,XCSGPAVHZFQHGE-UHFFFAOYSA-N,"2-Chloro-N-(2,6-diethylphenyl)-N-(methoxymethyl)acetamide",C14H20ClNO2,269.77,269.1182566,16.8655,337.241,0.0000158125,1.116,0.757,0.0000191867,173.085,12.575,0.369,0.00444631,N/A,145.244,0.0000542001,26.5461,0.00000772681,0.000781628,1.37941E-11,13.2282,4.32015,298.495,8.33696E-9,0.0795857,9.72039,190.919,3.51767,39.5205,N/A,N/A,0.0000138363,0.00076453
AMETRYN,Approved Name,DTXSID1023869,Ametryn,834-12-8,DTXCID303869,RQVYBGPQFYCBGX-UHFFFAOYSA-N,"N~2~-Ethyl-6-(methylsulfanyl)-N~4~-(propan-2-yl)-1,3,5-triazine-2,4-diamine",C9H17N5S,227.33,227.120466741,5.28445,360.753,0.0000812831,1.175,0.608,0.0000601174,186.304,87.819,0.207,0.00456037,N/A,N/A,N/A,N/A,8.70964E-7,0.00110662,1.49509E-11,6.50732,3.35341,344.987,2.34138E-8,0.138197,9.06819,389.067,2.9793,88.05,N/A,N/A,0.00000272716,0.000901246
ATRAZINE,Approved Name,DTXSID9020112,Atrazine,1912-24-9,DTXCID90112,MXWJVTOOROXGIU-UHFFFAOYSA-N,"6-Chloro-N~2~-ethyl-N~4~-(propan-2-yl)-1,3,5-triazine-2,4-diamine",C8H14ClN5,215.69,215.0937732,8.49181,312.186,0.0000810961,1.236,0.556,0.000088308,175.284,154.06,0.196,0.00635331,N/A,158.367,N/A,N/A,4.96592E-7,0.000440555,1.66556E-11,7.94979,4.90761,337.108,1.23943E-8,0.0892399,8.38479,173.852,2.61148,173.141,N/A,1.61,2.88134E-7,0.000198547
BENTAZONE,Approved Name,DTXSID0023901,Bentazone,25057-89-0,DTXCID503901,ZOMSMJKLGFBRBS-UHFFFAOYSA-N,"3-(Propan-2-yl)-2lambda~6~,1,3-benzothiadiazine-2,2,4(1H,3H)-trione",C10H12N2O3S,240.28,240.056863428,N/A,N/A,0.00018197,N/A,1.022,N/A,N/A,116.27,N/A,N/A,N/A,N/A,N/A,N/A,N/A,0.0000540754,1.67617E-11,1.41807,4.89764,303.704,2.58515E-10,0.144842,9.81435,33.9068,2.33723,138.102,N/A,N/A,0.00000343124,0.0021594
BROMOXYNIL,Approved Name,DTXSID3022162,Bromoxynil,1689-84-5,DTXCID002162,UPMXNNIRAGDFEH-UHFFFAOYSA-N,"3,5-Dibromo-4-hydroxybenzonitrile",C7H3Br2NO,276.915,274.85814,12.331,295.87,3.0761E-7,1.927,N/A,0.000017338,134.163,149.575,0.367,0.00115345,40.568,134.111,0.0000619441,8.57038,0.000264241,0.000237684,6.02263E-12,5.76214,4.88254,306.687,2.31684E-7,0.206329,8.48481,469.167,2.62501,190.015,N/A,N/A,4.81823E-8,0.000430874
BUTYLATE,Approved Name,DTXSID7023936,Butylate,2008-41-5,DTXCID403936,BMTAFVWTTFSTOG-UHFFFAOYSA-N,S-Ethyl bis(2-methylpropyl)carbamothioate,C11H23NOS,217.37,217.150035539,33.9625,N/A,0.000012388,0.936,0.204,N/A,119.188,9.999,0.266,0.00924698,N/A,N/A,N/A,N/A,0.00648634,0.000431519,2.69191E-11,25.6398,11.4793,241.313,0.0000129486,0.126461,7.43743,129.18,4.14868,1.74628,N/A,N/A,0.0130344,0.000209019
CLOPYRALID,Approved Name,DTXSID9029221,Clopyralid,1702-17-6,DTXCID309221,HUBANNPOLNYSAD-UHFFFAOYSA-N,"3,6-Dichloropyridine-2-carboxylic acid",C6H3Cl2NO2,192.0,190.9540837,2.5527,293.982,0.000250035,1.605,0.26,0.000277332,151.926,158.934,0.114,0.00995405,N/A,N/A,0.00240991,N/A,0.0000647143,0.0301995,6.43701E-12,3.76572,3.54155,286.103,4.90538E-9,0.16897,8.38629,36.3208,1.06176,151.053,N/A,N/A,0.0000120863,0.732186
CYANAZINE,Approved Name,DTXSID1023990,Cyanazine,21725-46-2,DTXCID803990,MZZBPDKVEFVLFF-UHFFFAOYSA-N,"2-{[4-Chloro-6-(ethylamino)-1,3,5-triazin-2-yl]amino}-2-methylpropanenitrile",C9H13ClN6,240.7,240.0890221,8.05378,368.891,0.0000347536,1.268,0.809,0.000115878,197.498,172.205,-0.052,0.00285759,N/A,N/A,N/A,N/A,5.98412E-8,0.00246604,1.5979E-11,11.2447,5.1556,324.679,4.60742E-9,0.108803,9.09595,190.846,2.22077,167.974,N/A,N/A,1.38566E-7,0.000713337
DICAMBA,Approved Name,DTXSID4024018,Dicamba,1918-00-9,DTXCID904018,IWEDIXLBFLAXBO-UHFFFAOYSA-N,"3,6-Dichloro-2-methoxybenzoic acid",C8H6Cl2O3,221.03,219.9693995,4.12098,314.148,0.00011246,1.483,0.447,0.00011722,152.494,148.806,0.143,0.00464515,N/A,N/A,0.00165196,N/A,0.0000306196,0.00726106,4.84574E-12,3.37742,3.52026,301.331,2.49008E-9,0.256173,8.67575,31.7015,2.21198,115.133,N/A,N/A,0.0000333003,0.0684572
DIMETHENAMID,Approved Name,DTXSID4032376,Dimethenamid,87674-68-8,DTXCID2012376,JLYFCTQDENRSOL-UHFFFAOYSA-N,"2-Chloro-N-(2,4-dimethylthiophen-3-yl)-N-(1-methoxypropan-2-yl)acetamide",C12H18ClNO2S,275.79,275.0746777,17.8238,337.241,0.000151705,1.234,0.711,N/A,165.954,65.396,0.443,N/A,N/A,N/A,0.0000360579,48.0839,0.0000107647,0.000765597,1.16888E-11,62.9913,3.34898,294.311,8.11339E-8,0.195804,8.64846,236.886,2.14996,1.51238,N/A,N/A,0.000272089,0.00453606
DIMETHYLARSINIC ACID,Synonym - WARNING: Synonym mapped to two or more chemicals,DTXSID60164758,"Arsinic acid, dimethyl-, ion(1-)",15132-04-4,DTXCID9087249,OGGXGZAMXPVRFZ-UHFFFAOYSA-M,Dimethylarsinate,C2H6AsO2,136.99,136.958923,N/A,N/A,N/A,N/A,N/A,N/A,N/A,N/A,N/A,N/A,N/A,N/A,N/A,N/A,N/A,N/A,N/A,N/A,N/A,N/A,N/A,N/A,N/A,N/A,N/A,N/A,N/A,N/A,N/A,N/A
DIMETHYLARSINIC ACID,Approved Name - WARNING: Synonym mapped to two or more chemicals,DTXSID7020508,Dimethylarsinic acid,75-60-5,DTXCID90508,OGGXGZAMXPVRFZ-UHFFFAOYSA-N,Dimethylarsinic acid,C2H7AsO2,137.998,137.966199,N/A,N/A,N/A,N/A,N/A,N/A,N/A,N/A,N/A,N/A,N/A,N/A,N/A,N/A,N/A,N/A,N/A,N/A,N/A,N/A,N/A,N/A,N/A,N/A,N/A,N/A,N/A,N/A,N/A,N/A
DIURON,Approved Name,DTXSID0020446,Diuron,330-54-1,DTXCID00446,XMTQQYYKAHVGBJ-UHFFFAOYSA-N,"N'-(3,4-Dichlorophenyl)-N,N-dimethylurea",C9H10Cl2N2O,233.09,232.0170184,22.9087,298.055,0.0000178649,1.366,0.759,0.0000841395,157.137,140.46,0.027,0.00470977,N/A,N/A,N/A,13.1826,8.27942E-7,0.00027227,1.2044E-11,14.1888,4.50986,323.021,1.52783E-9,0.0356043,9.95684,250.231,2.6782,157.942,N/A,N/A,6.91869E-8,0.000173803
EPTC,Approved Name,DTXSID1024091,EPTC,759-94-4,DTXCID504091,GUVLYNGULCJVDO-UHFFFAOYSA-N,S-Ethyl dipropylcarbamothioate,C9H19NOS,189.32,189.11873541,14.6893,N/A,0.0000302691,0.975,0.59,N/A,106.866,7.836,0.356,0.00487529,N/A,N/A,N/A,N/A,0.011508,0.00174582,3.17959E-11,23.7773,4.62751,215.905,2.89153E-7,0.0695576,6.9062,239.641,3.2102,0.371881,N/A,N/A,0.0239796,0.00196959
FLUFENACET,Approved Name,DTXSID2032552,Flufenacet,142459-58-3,DTXCID0012552,IANUJLZYFUDJIH-UHFFFAOYSA-N,"N-(4-Fluorophenyl)-N-(propan-2-yl)-2-{[5-(trifluoromethyl)-1,3,4-thiadiazol-2-yl]oxy}acetamide",C14H13F4N3O2S,363.33,363.066460497,51.9996,362.085,0.0000118304,1.491,0.742,N/A,222.939,74.634,0.556,0.00399945,N/A,N/A,N/A,N/A,1.50661E-7,0.0000363915,1.387E-11,10.9572,3.54132,350.458,8.12534E-9,0.528039,9.29082,1766.01,3.19999,76.0423,N/A,N/A,6.76087E-7,0.000153939
FLUMETSULAM,Approved Name,DTXSID4032615,Flumetsulam,98967-40-9,DTXCID2012615,RXCPQSJAVKGONC-UHFFFAOYSA-N,"N-(2,6-Difluorophenyl)-5-methyl[1,2,4]triazolo[1,5-a]pyrimidine-2-sulfonamide",C12H9F2N5O2S,325.29,325.04450205,5.98412,N/A,N/A,N/A,0.736,N/A,N/A,222.981,N/A,N/A,N/A,N/A,N/A,N/A,1.39959E-9,0.000108893,1.37818E-11,2.52379,4.29121,305.611,5.69987E-8,1.02286,10.8992,28.2563,1.60967,251.935,N/A,N/A,2.80193E-12,0.00161527
FLUMICLORAC,Synonym,DTXSID50236453,"[2-Chloro-5-(1,3-dioxo-1,3,4,5,6,7-hexahydroisoindol-2-yl)-4-fluorophenoxy]acetic acid",87547-04-4,DTXCID50158944,GQQIAHNFBAFBCS-UHFFFAOYSA-N,"[2-Chloro-5-(1,3-dioxo-1,3,4,5,6,7-hexahydro-2H-isoindol-2-yl)-4-fluorophenoxy]acetic acid",C16H13ClFNO5,353.73,353.0466284,6.0256,489.585,0.0000181134,1.53,1.124,5.08159E-7,328.331,186.169,0.699,0.00300608,N/A,143.626,N/A,N/A,4.83059E-10,0.0000175388,2.52215E-11,2.78778,3.54408,322.029,1.01438E-10,1.1728,10.3611,857.144,2.92581,156.642,N/A,N/A,1.26996E-8,0.0000383874
GLUFOSINATE,Approved Name,DTXSID0043973,Glufosinate,51276-47-2,DTXCID8023973,IAJOBQBIJHVGMQ-UHFFFAOYSA-N,2-Amino-4-[hydroxy(methyl)phosphoryl]butanoic acid,C5H12NO4P,181.128,181.050394868,0.0215278,294.241,0.0000707946,1.478,0.572,0.000937562,213.718,157.091,-0.058,0.0379315,N/A,N/A,N/A,N/A,1.77011E-7,2.1677,1.08562E-11,3.9441,3.55442,317.968,4.95906E-11,0.072497,8.31934,424.525,-0.816948,203.479,N/A,N/A,3.33235E-9,4.16606
GLYPHOSATE,Approved Name,DTXSID1024122,Glyphosate,1071-83-6,DTXCID004122,XDDAORKBJWWYJS-UHFFFAOYSA-N,N-(Phosphonomethyl)glycine,C3H8NO5P,169.073,169.01400936,0.0122744,N/A,0.000794328,1.565,0.351,0.000233884,222.585,150.437,0.204,0.0225944,N/A,N/A,N/A,N/A,N/A,8.41395,8.11535E-12,4.08299,4.464,318.131,5.18451E-11,0.0794085,8.40362,2078.38,-3.39865,189.461,N/A,N/A,9.73706E-8,0.0655839
HALOSULFURON,Approved Name,DTXSID3074947,Halosulfuron,135397-30-7,DTXCID4034318,LXKOADMMGWXPJQ-UHFFFAOYSA-N,"3-Chloro-5-{[(4,6-dimethoxypyrimidin-2-yl)carbamoyl]sulfamoyl}-1-methyl-1H-pyrazole-4-carboxylic acid",C12H13ClN6O7S,420.78,420.0254957,0.20797,N/A,N/A,1.715,0.76,N/A,347.137,235.338,0.234,0.00674528,N/A,N/A,N/A,N/A,3.23594E-14,0.00053827,1.29392E-11,6.41405,4.27369,255.502,6.90581E-11,0.333146,9.36747,43.2345,1.22412,175.557,N/A,N/A,3.62495E-9,0.0000727068
IMAZAPYR,Approved Name,DTXSID8034665,Imazapyr,81334-34-1,DTXCID6014665,CLQMBPJKHLGMQK-UHFFFAOYSA-N,"2-[4-Methyl-5-oxo-4-(propan-2-yl)-4,5-dihydro-1H-imidazol-2-yl]pyridine-3-carboxylic acid",C13H15N3O3,261.281,261.111341355,1.93197,N/A,0.000410204,1.285,0.879,N/A,252.475,200.718,0.624,0.00460257,N/A,N/A,N/A,N/A,1.43219E-8,0.0043451,1.28577E-11,3.38248,3.52197,276.3,3.04214E-10,0.250053,8.99866,99.8607,0.223712,171.026,N/A,N/A,9.12289E-10,0.0433379
IMAZETHAPYR,Approved Name,DTXSID3024287,Imazethapyr,81335-77-5,DTXCID004287,XVOKUMIPKHGGTN-UHFFFAOYSA-N,"5-Ethyl-2-[4-methyl-5-oxo-4-(propan-2-yl)-4,5-dihydro-1H-imidazol-2-yl]pyridine-3-carboxylic acid",C15H19N3O3,289.335,289.142641484,2.50611,N/A,0.0000638264,1.239,0.927,N/A,259.783,195.096,0.639,0.00134896,N/A,N/A,N/A,N/A,5.11682E-9,0.00181552,1.2935E-11,4.26593,3.52308,277.227,2.99776E-10,0.633637,9.15553,7.11061,1.44578,171.011,N/A,N/A,2.11923E-10,0.00486458
ISOXAFLUTOLE,Approved Name,DTXSID5034723,Isoxaflutole,141112-29-0,DTXCID3014723,OYIKARCXOQLFHF-UHFFFAOYSA-N,"(5-Cyclopropyl-1,2-oxazol-4-yl)[2-(methanesulfonyl)-4-(trifluoromethyl)phenyl]methanone",C15H12F3NO4S,359.32,359.043913533,207.491,316.595,0.00000505825,1.472,0.897,4.79733E-8,251.438,126.782,0.62,0.00233884,N/A,N/A,N/A,N/A,5.09331E-8,0.0000219281,1.38613E-11,2.76778,3.53964,371.043,1.85416E-10,1.46492,9.43248,815.156,2.32189,139.924,N/A,N/A,7.51652E-9,0.0000174095
LINURON,Approved Name,DTXSID2024163,Linuron,330-55-2,DTXCID604163,XKJMBINCVNINCA-UHFFFAOYSA-N,"N'-(3,4-Dichlorophenyl)-N-methoxy-N-methylurea",C9H10Cl2N2O2,249.09,248.011933,N/A,304.222,N/A,1.412,0.569,N/A,N/A,100.995,0.605,0.00564937,N/A,N/A,N/A,N/A,6.79204E-7,0.000829851,1.01719E-11,17.9046,3.53073,323.046,1.11731E-9,0.107149,9.92762,499.316,3.19781,93.0319,N/A,N/A,0.00000144787,0.000289987
METOLACHLOR,Approved Name,DTXSID4022448,Metolachlor,51218-45-2,DTXCID402448,WVQBLGZPHOPPFO-UHFFFAOYSA-N,2-Chloro-N-(2-ethyl-6-methylphenyl)-N-(1-methoxypropan-2-yl)acetamide,C15H22ClNO2,283.8,283.1339067,30.2691,342.591,0.0000209411,1.097,0.673,0.0000178238,209.975,13.416,0.421,0.00663743,N/A,142.749,0.000033266,42.9536,0.00000763836,0.000897429,1.96838E-11,54.8956,4.88029,282.035,9.00862E-9,0.179642,9.38799,288.006,3.13089,-49.1762,N/A,N/A,0.0000311485,0.0018257
METOLACHLOR-S,Searched by Synonym: Found 0 results,N/A,N/A,N/A,N/A,N/A,N/A,N/A,N/A,N/A,N/A,N/A,N/A,N/A,N/A,N/A,N/A,N/A,N/A,N/A,N/A,N/A,N/A,N/A,N/A,N/A,N/A,N/A,N/A,N/A,N/A,N/A,N/A,N/A,N/A,N/A,N/A,N/A,N/A,N/A
METRIBUZIN,Approved Name,DTXSID6024204,Metribuzin,21087-64-9,DTXCID404204,FOXFZRUHNHCZPX-UHFFFAOYSA-N,"4-Amino-6-tert-butyl-3-(methylsulfanyl)-1,2,4-triazin-5(4H)-one",C8H14N4OS,214.29,214.088832261,N/A,N/A,0.00000610942,1.17,0.056,N/A,N/A,126.564,0.63,0.00426579,N/A,N/A,N/A,N/A,N/A,0.00851138,1.89359E-11,3.32533,3.75993,300.037,1.22074E-8,0.100676,7.51384,51.3347,1.70002,126.046,N/A,N/A,4.38697E-7,0.00519961
NICOSULFURON,Approved Name,DTXSID6034764,Nicosulfuron,111991-09-4,DTXCID4014764,RTCOGUMHFFWOJV-UHFFFAOYSA-N,"2-{[(4,6-Dimethoxypyrimidin-2-yl)carbamoyl]sulfamoyl}-N,N-dimethylpyridine-3-carboxamide",C15H18N6O6S,410.41,410.100853498,0.381066,N/A,N/A,1.516,0.957,N/A,324.895,200.644,0.319,0.00864968,N/A,N/A,N/A,N/A,1.36773E-11,0.000981748,1.29609E-11,1.57772,4.26433,281.22,5.42634E-11,0.156678,9.62333,30.2442,0.0122087,142.049,N/A,N/A,1.06703E-10,0.0228708
OXYFLUORFEN,Approved Name,DTXSID7024241,Oxyfluorfen,42874-03-3,DTXCID404241,OQMBBFQZGJFLBU-UHFFFAOYSA-N,2-Chloro-1-(3-ethoxy-4-nitrophenoxy)-4-(trifluoromethyl)benzene,C15H11ClF3NO4,361.7,361.03287,320.627,366.917,0.00000275423,1.453,0.864,3.58922E-7,198.745,88.374,0.253,0.00874984,N/A,N/A,N/A,N/A,2.25944E-7,0.00000334195,1.36986E-11,12848.1,3.54301,358.206,0.00000328307,0.657309,8.95531,99588.3,4.72975,84.0125,N/A,N/A,2.00595E-7,3.15494E-7
PARAQUAT,Approved Name,DTXSID3034799,Paraquat,4685-14-7,DTXCID1014799,INFDPOAKFNIJBF-UHFFFAOYSA-N,"1,1'-Dimethyl-4,4'-bipyridin-1-ium",C12H14N2,186.257,186.114601299,N/A,N/A,N/A,N/A,0.345,0.000881049,N/A,N/A,N/A,0.00261216,N/A,N/A,N/A,N/A,N/A,N/A,4.22674E-11,1.91512,8.29905,319.52,0.000192882,3.82851,7.43163,1067.05,3.24166,145.857,N/A,N/A,0.000455755,2.76404
PENDIMETHALIN,Approved Name,DTXSID7024245,Pendimethalin,40487-42-1,DTXCID004245,CHIFOSRWCNZCFN-UHFFFAOYSA-N,N/A,C13H19N3O4,281.312,281.137556104,59.5662,363.278,0.00000291072,1.254,0.948,6.9024E-7,173.98,83.132,0.117,0.00674528,N/A,146.792,0.00000311889,38.0189,6.20869E-7,0.00000984011,1.38046E-11,578.79,3.54085,330.011,7.77053E-7,1.90558,10.1984,5013.25,5.1983,56.0787,N/A,N/A,0.0000299346,0.000001074
PRIMISULFURON,Synonym,DTXSID40150270,"2-[4,6-Bis(difluoromethoxy)pyrimidin-2-ylcarbamoylsulfamoyl]benzoic acid",113036-87-6,DTXCID1072761,GPGLBXMQFQQXDV-UHFFFAOYSA-N,"2-({[4,6-Bis(difluoromethoxy)pyrimidin-2-yl]carbamoyl}sulfamoyl)benzoic acid",C14H10F4N4O7S,454.31,454.020632504,0.386367,N/A,N/A,1.765,1.251,N/A,341.153,224.004,0.173,0.00610942,N/A,N/A,N/A,N/A,4.28549E-13,0.00000714496,1.65845E-11,6.18295,5.1358,240.205,1.39189E-11,0.365964,9.34761,48.7561,2.13883,170.771,N/A,N/A,1.22617E-9,0.0000984916
PROPACHLOR,Approved Name,DTXSID4024274,Propachlor,1918-16-7,DTXCID504274,MFOUDYKPLGXPGO-UHFFFAOYSA-N,2-Chloro-N-phenyl-N-(propan-2-yl)acetamide,C11H14ClNO,211.69,211.0763918,20.797,300.836,0.0000418794,1.068,0.777,0.000127644,142.634,54.531,0.347,0.00161808,N/A,145.07,0.000213796,8.85116,0.000100925,0.00156675,1.45062E-11,55.3695,4.4824,292.105,1.23831E-7,0.211775,7.38327,262.891,2.18155,76.9232,N/A,N/A,0.000231259,0.00320445
PROSULFURON,Approved Name,DTXSID9034868,Prosulfuron,94125-34-5,DTXCID7014868,LTUNNEGNEKBSEH-UHFFFAOYSA-N,"N-[(4-Methoxy-6-methyl-1,3,5-triazin-2-yl)carbamoyl]-2-(3,3,3-trifluoropropyl)benzene-1-sulfonamide",C15H16F3N5O4S,419.38,419.087509678,1.15345,N/A,N/A,1.559,1.087,N/A,303.758,174.4,N/A,0.0170608,N/A,N/A,N/A,N/A,5.44503E-11,0.000104472,1.3862E-11,2.59172,5.68618,264.576,2.47437E-11,0.15587,9.503,75.0078,1.89079,180.13,N/A,N/A,1.14298E-11,0.000813747
PYRIDATE,Approved Name,DTXSID2032639,Pyridate,55512-33-9,DTXCID0012639,JTZCTMAVMHRNTR-UHFFFAOYSA-N,O-(6-Chloro-3-phenylpyridazin-4-yl) S-octyl carbonothioate,C19H23ClN2O2S,378.92,378.1168769,N/A,N/A,N/A,N/A,0.598,N/A,N/A,N/A,0.186,0.00472063,N/A,N/A,N/A,N/A,N/A,N/A,1.73436E-11,468.444,4.64443,353.532,6.03888E-8,1.81043,11.7088,38519.5,2.86733,27.2801,N/A,N/A,9.83544E-10,0.0000038913
RIMSULFURON,Approved Name,DTXSID1032642,Rimsulfuron,122931-48-0,DTXCID9012642,MEFOUWRMVYJCQC-UHFFFAOYSA-N,"N-[(4,6-Dimethoxypyrimidin-2-yl)carbamoyl]-3-(ethanesulfonyl)pyridine-2-sulfonamide",C14H17N5O7S2,431.44,431.056940255,0.567545,N/A,N/A,1.587,0.958,N/A,346.636,196.459,0.228,0.0106414,N/A,N/A,N/A,N/A,5.02343E-11,0.00115345,1.66936E-11,3.04552,4.27084,275.956,7.24338E-11,0.159527,9.60381,51.3595,0.290911,176.991,N/A,N/A,1.12256E-8,0.000210679
SETHOXYDIM,Approved Name,DTXSID9024304,Sethoxydim,74051-80-2,DTXCID604304,CSPPKDPQLUUTND-UHFFFAOYSA-N,2-(N-Ethoxybutanimidoyl)-5-[2-(ethylsulfanyl)propyl]-3-hydroxycyclohex-2-en-1-one,C17H29NO3S,327.48,327.186814972,16.4816,N/A,0.0000323594,N/A,0.208,N/A,N/A,58.314,0.211,0.0076913,40.629,N/A,N/A,N/A,0.00000137721,0.000040738,1.00897E-10,18.8625,4.65699,300.73,1.56268E-8,0.523044,9.6063,100.423,4.38022,85.9169,N/A,N/A,1.6004E-7,0.00106143
SIMAZINE,Approved Name,DTXSID4021268,Simazine,122-34-9,DTXCID501268,ODCWYMIRDDJXKW-UHFFFAOYSA-N,"6-Chloro-N~2~,N~4~-diethyl-1,3,5-triazine-2,4-diamine",C7H12ClN5,201.66,201.0781231,4.14,310.031,0.000108393,1.261,0.449,0.000151705,174.941,160.157,0.305,0.006223,N/A,161.05,N/A,N/A,3.82825E-7,0.0011995,1.10163E-11,3.64252,3.65866,334.481,1.86375E-8,0.11486,8.35592,126.139,2.18007,225.847,N/A,N/A,2.23757E-8,0.0000430165
SULFOSATE,Expert Validated Synonym,DTXSID5034939,Glyphosate-trimesium,81591-81-3,DTXCID3014939,RUCAXVJJQQJZGU-UHFFFAOYSA-M,Trimethylsulfanium [(phosphonomethyl)amino]acetate,C6H16NO5PS,245.23,245.048680791,N/A,N/A,N/A,N/A,N/A,N/A,N/A,N/A,N/A,N/A,N/A,N/A,N/A,N/A,N/A,N/A,N/A,N/A,N/A,N/A,N/A,N/A,N/A,N/A,N/A,N/A,N/A,N/A,N/A,N/A
THIFENSULFURON,Approved Name,DTXSID1058185,Thifensulfuron,79277-67-1,DTXCID7031953,LOQQVLXUKHKNIA-UHFFFAOYSA-N,"3-({Hydroxy[(6-methoxy-4-methyl-1,3,5-triazin-2(1H)-ylidene)amino]methylidene}sulfamoyl)thiophene-2-carboxylic acid",C11H11N5O6S2,373.36,373.015075442,0.171396,N/A,N/A,1.844,1.07,N/A,292.732,215.232,N/A,N/A,N/A,N/A,N/A,N/A,N/A,0.00215774,1.63909E-11,6.15308,3.35466,320.394,1.27515E-11,0.201853,9.21598,40.2044,1.24097,190.155,N/A,N/A,1.91682E-8,0.00257951
TRIFLURALIN,Approved Name,DTXSID4021395,Trifluralin,1582-09-8,DTXCID401395,ZSDSQXJSNMTJDA-UHFFFAOYSA-N,"2,6-Dinitro-N,N-dipropyl-4-(trifluoromethyl)aniline",C13H16F3N3O4,335.283,335.109290496,149.624,369.442,0.00000606736,1.409,1.145,6.23735E-7,161.745,68.678,0.445,0.0136773,N/A,N/A,0.00000714496,N/A,0.00000291743,0.00000200447,1.38533E-11,2279.43,3.54656,365.044,0.000102672,4.15594,8.41432,15764.7,5.3382,49.7774,N/A,N/A,0.0000459829,8.49753E-7
ACEPHATE,Approved Name,DTXSID8023846,Acephate,30560-19-1,DTXCID503846,YASYVMFAVPKPKE-UHFFFAOYSA-N,"O,S-Dimethyl N-acetylphosphoramidothioate",C4H10NO3PS,183.16,183.011901358,N/A,N/A,0.0000209894,1.207,0.743,N/A,133.808,48.542,0.202,0.00199986,N/A,N/A,N/A,N/A,N/A,0.408319,1.12542E-11,1.22245,3.55577,286.783,4.93844E-9,0.108103,8.72198,2.01033,-0.848194,87.9791,N/A,N/A,0.00000170504,4.38636
BACILLUS THURINGIENSIS,Approved Name,DTXSID6044147,Bacillus thuringiensis,68038-71-1,N/A,N/A,N/A,N/A,N/A,N/A,N/A,N/A,N/A,N/A,N/A,N/A,N/A,N/A,N/A,N/A,N/A,N/A,N/A,N/A,N/A,N/A,N/A,N/A,N/A,N/A,N/A,N/A,N/A,N/A,N/A,N/A,N/A,N/A,N/A,N/A
BIFENTHRIN,Approved Name,DTXSID9020160,Bifenthrin,82657-04-3,DTXCID9032402,OMFRMAHOUUJSGP-IRHGGOMRSA-N,"(2-Methyl[1,1'-biphenyl]-3-yl)methyl (1R,3R)-3-[(1Z)-2-chloro-3,3,3-trifluoroprop-1-en-1-yl]-2,2-dimethylcyclopropane-1-carboxylate",C23H22ClF3O2,422.87,422.1260421,381.944,411.331,1.23027E-8,1.262,0.781,7.01455E-9,210.237,61.058,0.392,0.000136144,N/A,N/A,N/A,N/A,1.20781E-7,4.97737E-8,3.31994E-11,4990.65,3.54377,370.919,4.85349E-8,3.64746,10.4688,223091,6.18611,68.9916,N/A,N/A,1.79489E-7,5.06325E-8
CARBARYL,Expert Validated Synonym,DTXSID9020247,"1-Naphthalenol, 1-(N-methylcarbamate)",63-25-2,DTXCID10247,CVXBEEMKQHEXEN-UHFFFAOYSA-N,Naphthalen-1-yl methylcarbamate,C12H11NO2,201.225,201.078978598,4.69894,311.019,0.00000433511,1.131,0.784,0.0000224905,148.896,106.447,0.655,0.00146893,N/A,N/A,0.000118304,29.4442,0.00000562341,0.000414954,1.41185E-11,8.88763,3.53203,314.943,1.38246E-8,0.0661502,9.12776,250.472,2.35802,144.908,N/A,N/A,0.0000013637,0.00031257
CARBOFURAN,Approved Name,DTXSID9020249,Carbofuran,1563-66-2,DTXCID70249,DUEPRVBVGDRKAG-UHFFFAOYSA-N,"2,2-Dimethyl-2,3-dihydro-1-benzofuran-7-yl methylcarbamate",C12H15NO3,221.256,221.105193347,11.5878,319.001,0.00000419759,1.115,0.767,0.0000657658,166.145,118.814,0.698,0.000269153,N/A,N/A,0.000514044,25.7632,0.00000340408,0.00188365,5.24738E-11,2.8901,4.47288,285.117,2.74505E-9,0.625898,9.03678,56.3325,1.97375,150.869,N/A,N/A,0.00000485143,0.00174481
CHLORETHOXYFOS,Approved Name,DTXSID2032344,Chlorethoxyfos,54593-83-8,DTXCID0012344,XFDJMIHUAHSGKG-UHFFFAOYSA-N,"O,O-Diethyl O-(1,2,2,2-tetrachloroethyl) phosphorothioate",C6H11Cl4O3PS,335.98,333.8920632,145.881,N/A,4.59198E-9,1.535,0.52,0.00000500035,159.515,-0.356,0.147,N/A,N/A,N/A,N/A,N/A,0.00124451,0.0000464515,3.02338E-11,1103.47,4.72753,288.359,0.00000832047,1.57562,8.95373,3971.22,4.58833,-1.16017,N/A,N/A,0.000795602,9.50147E-7
CHLORPYRIFOS,Approved Name,DTXSID4020458,Chlorpyrifos,2921-88-2,DTXCID80458,SBPBAQFWLVIOKP-UHFFFAOYSA-N,"O,O-Diethyl O-(3,5,6-trichloropyridin-2-yl) phosphorothioate",C9H11Cl3NO3PS,350.57,348.9262845,380.189,N/A,8.29851E-9,1.486,0.595,8.09096E-7,179.494,44.557,-0.097,0.000304789,N/A,N/A,N/A,N/A,0.0000308319,0.00000236048,1.4823E-11,1515.77,4.74463,364.076,0.00000291816,5.88563,10.5681,5000.97,4.95863,41.9988,N/A,N/A,0.0000203147,0.00000329321
CYFLUTHRIN,Approved Name,DTXSID5035957,Cyfluthrin,68359-37-5,DTXCID6028078,QQODLKZGRKWIFG-UHFFFAOYSA-N,"Cyano(4-fluoro-3-phenoxyphenyl)methyl 3-(2,2-dichloroethenyl)-2,2-dimethylcyclopropane-1-carboxylate",C22H18Cl2FNO3,434.29,433.064777,928.966,442.743,1.18304E-9,1.344,0.873,3.155E-9,272.713,75.194,0.002,0.00153109,N/A,N/A,N/A,N/A,6.09537E-10,5.37032E-8,3.39077E-11,414.328,3.35162,424.372,4.45421E-9,2.41845,11.705,99888.1,5.95213,60.1236,N/A,N/A,1.52186E-10,6.74411E-9
CYHALOTHRIN-LAMBDA,Searched by Synonym: Found 0 results,N/A,N/A,N/A,N/A,N/A,N/A,N/A,N/A,N/A,N/A,N/A,N/A,N/A,N/A,N/A,N/A,N/A,N/A,N/A,N/A,N/A,N/A,N/A,N/A,N/A,N/A,N/A,N/A,N/A,N/A,N/A,N/A,N/A,N/A,N/A,N/A,N/A,N/A,N/A
CYPERMETHRIN,Approved Name,DTXSID1023998,Cypermethrin,52315-07-8,DTXCID003998,KAATUXNTWXVJKI-UHFFFAOYSA-N,"Cyano(3-phenoxyphenyl)methyl 3-(2,2-dichloroethenyl)-2,2-dimethylcyclopropane-1-carboxylate",C22H19Cl2NO3,416.3,415.0741989,741.31,445.159,2.2856E-9,1.292,0.877,5.76766E-9,268.529,82.346,0.163,0.00172982,N/A,N/A,N/A,N/A,1.1246E-9,6.26614E-8,3.41147E-11,338.97,3.35135,424.345,2.07474E-9,5.0024,11.7027,99845.4,6.59788,81.3899,N/A,N/A,3.06772E-9,3.57651E-8
DIAZINON,Approved Name,DTXSID9020407,Diazinon,333-41-5,DTXCID50407,FHIVAFMUCKRCQO-UHFFFAOYSA-N,"O,O-Diethyl O-[6-methyl-2-(propan-2-yl)pyrimidin-4-yl] phosphorothioate",C12H21N2O3PS,304.34,304.101050716,94.189,N/A,6.10942E-9,1.17,0.609,0.0000097499,172.928,2.942,0.26,0.000586138,N/A,N/A,N/A,N/A,0.000076913,0.0000739605,1.75978E-11,70.7854,4.75886,343.403,1.13336E-7,1.17708,9.83215,561.251,3.80885,19.9722,N/A,N/A,0.0000898517,0.00015535
DIMETHOATE,Approved Name,DTXSID7020479,Dimethoate,60-51-5,DTXCID50479,MCWXGJITAZMZEV-UHFFFAOYSA-N,"O,O-Dimethyl S-[2-(methylamino)-2-oxoethyl] phosphorodithioate",C5H12NO3PS2,229.25,228.999622596,3.70681,N/A,2.81838E-7,1.255,0.724,0.0000453942,136.293,32.048,0.366,0.000465586,N/A,N/A,N/A,N/A,0.0000248313,0.0171002,1.43227E-11,1.58793,82.443,308.682,2.05671E-8,0.0977548,9.91783,15.8484,0.780537,51.9376,N/A,N/A,0.0000187383,0.139206
DISULFOTON,Approved Name,DTXSID0022018,Disulfoton,298-04-4,DTXCID702018,DOFZAZXDOSGAJZ-UHFFFAOYSA-N,"O,O-Diethyl S-[2-(ethylsulfanyl)ethyl] phosphorodithioate",C8H19O2PS3,274.39,274.028480372,47.863,N/A,3.39625E-8,1.174,-0.723,0.00000594292,142.642,-14.615,-0.03,0.0000175388,N/A,N/A,N/A,N/A,0.000137404,0.000142561,4.51126E-11,218.225,142.53,313.428,0.00000477287,1.07086,9.36263,1654.28,4.0184,-24.9887,N/A,N/A,0.0000980382,0.0000660893
ESFENVALERATE,Approved Name,DTXSID4032667,Esfenvalerate,66230-04-4,DTXCID2012667,NYPJDWWKZLNGGM-RPWUZVMVSA-N,(S)-Cyano(3-phenoxyphenyl)methyl (2S)-2-(4-chlorophenyl)-3-methylbutanoate,C25H22ClNO3,419.91,419.1288213,240.991,456.288,3.08319E-9,1.223,0.75,6.95024E-9,285.904,85.445,0.3,0.000693426,N/A,152.593,5.97035E-7,N/A,1.30918E-9,2.82488E-7,2.50205E-11,707.188,3.54557,434.889,8.2251E-8,4.89496,11.6877,5415.87,6.1996,52.3713,N/A,N/A,1.50119E-9,3.05987E-9
ETHOPROPHOS,Expert Validated Synonym,DTXSID4032611,Ethoprop,13194-48-4,DTXCID2012611,VJYFKVYYMZPMAB-UHFFFAOYSA-N,"O-Ethyl S,S-dipropyl phosphorodithioate",C8H19O2PS2,242.33,242.056409198,33.4965,N/A,1.16145E-7,1.125,0.477,0.00000389942,135.745,-13.497,-0.038,0.000129122,N/A,N/A,N/A,N/A,0.000234963,0.00295121,4.25202E-11,20.3949,140.677,286.402,0.0000147709,0.105491,8.6381,71.004,3.58788,-12.909,N/A,N/A,0.000380384,0.00370198
FENBUTATIN OXIDE,Approved Name,DTXSID7032391,Fenbutatin oxide,13356-08-6,DTXCID5012391,HOXINJBQVZWYGZ-UHFFFAOYSA-N,Hexakis(2-methyl-2-phenylpropyl)distannoxane,C60H78OSn2,1052.703,1054.409671,N/A,N/A,N/A,N/A,N/A,N/A,N/A,N/A,N/A,N/A,N/A,N/A,N/A,N/A,N/A,N/A,N/A,N/A,N/A,N/A,N/A,N/A,N/A,N/A,N/A,N/A,N/A,N/A,N/A,N/A
FIPRONIL,Approved Name,DTXSID4034609,Fipronil,120068-37-3,DTXCID2014609,ZOCSXAVNDGMNBV-UHFFFAOYSA-N,"5-Amino-1-[2,6-dichloro-4-(trifluoromethyl)phenyl]-4-(trifluoromethanesulfinyl)-1H-pyrazole-3-carbonitrile",C12H4Cl2F6N4OS,437.14,435.9387063,N/A,N/A,5.4325E-7,1.913,N/A,1.95884E-8,249.86,172.249,N/A,N/A,N/A,N/A,N/A,N/A,N/A,0.000065013,1.45375E-11,5.12794,3.54338,336.486,9.15826E-9,0.618058,10.5369,411.369,3.99786,200.487,N/A,N/A,2.77204E-9,0.000006166
FONOFOS,Approved Name,DTXSID2024113,Fonofos,944-22-9,DTXCID104113,KVGLBTYUCJYMND-UHFFFAOYSA-N,O-Ethyl S-phenyl ethylphosphonodithioate,C10H15OPS2,246.32,246.030194449,86.6962,249.951,8.05378E-8,1.175,0.368,0.0000076913,146.933,8.92,0.038,0.000121899,N/A,N/A,N/A,N/A,0.0000801678,0.000042462,2.12863E-11,761.774,211.048,330.955,0.00000361223,0.224659,8.98252,870.179,3.94092,80.3597,N/A,N/A,0.000336984,0.000061693
MALATHION,Approved Name,DTXSID4020791,Malathion,121-75-5,DTXCID80791,JXSJBGJIGXNWCI-UHFFFAOYSA-N,Diethyl 2-[(dimethoxyphosphorothioyl)sulfanyl]butanedioate,C10H19O6PS2,330.35,330.036067678,9.86279,284.068,2.57632E-8,1.263,0.378,0.0000121619,174.441,-1.541,0.383,0.00104713,N/A,N/A,N/A,N/A,0.0000072277,0.000760326,7.77272E-12,33.0695,125.964,359.966,4.87686E-9,1.9412,9.61127,229.268,2.35864,2.83289,N/A,N/A,0.00000338613,0.000439412
METHOMYL,Approved Name,DTXSID1022267,Methomyl,16752-77-5,DTXCID40810024,UHXUZOCRWCRNSJ-UHFFFAOYSA-N,Methyl N-[(methylcarbamoyl)oxy]ethanimidothioate,C5H10N2O2S,162.21,162.046298744,2.29615,204.528,0.00000365595,1.125,0.501,0.000158489,111.117,58.029,0.871,0.000168267,N/A,N/A,N/A,N/A,0.000138357,0.242103,1.11802E-11,3.54426,3.54663,230.042,1.98462E-8,0.113843,6.47551,20.1143,0.600496,78.0482,N/A,N/A,0.00000545296,0.346095
METHYL PARATHION,Approved Name,DTXSID1020855,Methyl parathion,298-00-0,DTXCID30855,RLBIQVVOMOPOHC-UHFFFAOYSA-N,"O,O-Dimethyl O-(4-nitrophenyl) phosphorothioate",C8H10NO5PS,263.2,263.001730598,50.3501,N/A,2.208E-8,1.403,0.679,0.00000968278,159.88,18.96,0.789,0.00011885,N/A,N/A,N/A,N/A,0.0000472063,0.000206063,1.25387E-11,84.94,4.99917,345.879,1.00755E-7,3.53404,8.20928,998.772,2.86214,35.3983,N/A,N/A,0.00000352669,0.000173298
PERMETHRIN,Approved Name,DTXSID8022292,Permethrin,52645-53-1,DTXCID102292,RLLPVAHGXHCWKJ-UHFFFAOYSA-N,"(3-Phenoxyphenyl)methyl 3-(2,2-dichloroethenyl)-2,2-dimethylcyclopropane-1-carboxylate",C21H20Cl2O3,391.29,390.0789499,727.78,412.391,1.26474E-8,1.254,0.816,2.37684E-8,225.544,65.321,0.272,0.0018578,N/A,132.956,N/A,N/A,1.00462E-8,5.12861E-8,3.32366E-11,446.953,3.35145,401.446,2.38712E-8,2.34418,11.6839,63169.8,6.49886,34.2828,N/A,N/A,2.18894E-8,2.13009E-7
PHORATE,Approved Name,DTXSID4032459,Phorate,298-02-2,DTXCID2012459,BULVZWIRKLYCBC-UHFFFAOYSA-N,"O,O-Diethyl S-[(ethylsulfanyl)methyl] phosphorodithioate",C7H17O2PS3,260.36,260.012830307,55.5904,N/A,6.76083E-8,1.19,-0.176,0.00000458142,139.008,-18.952,-0.017,0.0000078343,N/A,N/A,N/A,N/A,0.000179473,0.000233346,4.56712E-11,71.5998,142.794,285.18,0.00000158371,0.44673,8.86347,501.841,3.69306,-21.8001,N/A,N/A,0.000630237,0.000134155
PROPARGITE,Approved Name,DTXSID4024276,Propargite,2312-35-8,DTXCID304276,ZYHMJXZULPZUED-UHFFFAOYSA-N,2-(4-tert-Butylphenoxy)cyclohexyl prop-2-yn-1-yl sulfite,C19H26O4S,350.47,350.155180491,N/A,325.241,N/A,1.156,0.793,0.00000150314,226.232,23.328,N/A,0.011885,N/A,N/A,N/A,N/A,1.79887E-7,0.0000271019,2.93637E-11,10.8798,5.67208,362.007,0.00000944352,0.567786,10.6946,3973.9,4.99861,198.998,N/A,N/A,3.00561E-7,0.00000108364
TEBUPIRIMPHOS,Expert Validated Synonym,DTXSID1032482,Tebupirimfos,96182-53-5,DTXCID9012482,AWYOMXWDGWUJHS-UHFFFAOYSA-N,O-(2-tert-Butylpyrimidin-5-yl) O-ethyl O-propan-2-yl phosphorothioate,C13H23N2O3PS,318.37,318.116700781,174.582,N/A,1.46218E-8,1.155,0.634,0.0000116681,172.937,0.141,-0.032,0.000277971,N/A,N/A,N/A,N/A,0.0000448745,0.0000416869,1.33172E-11,33.0974,5.69118,343.127,4.5896E-7,2.12364,9.57778,373.983,3.54339,22.9198,N/A,N/A,0.0000377482,0.0000174007
TEFLUTHRIN,Approved Name,DTXSID5032577,Tefluthrin,79538-32-2,DTXCID3012577,ZFHGXWPMULPQSE-WTKPLQERSA-N,"(2,3,5,6-Tetrafluoro-4-methylphenyl)methyl 3-[(1Z)-2-chloro-3,3,3-trifluoroprop-1-en-1-yl]-2,2-dimethylcyclopropane-1-carboxylate",C17H14ClF7O2,418.74,418.0570545,567.545,289.657,1.94089E-8,1.5,0.96,1.27057E-8,183.803,37.059,0.654,0.000194089,N/A,N/A,N/A,N/A,0.00000345144,1.03753E-7,2.18234E-11,1246.93,3.54067,306.215,4.47543E-8,7.37772,8.42149,1529.46,6.49966,44.5881,N/A,N/A,0.0000597455,4.29094E-8
TERBUFOS,Approved Name,DTXSID2022254,Terbufos,13071-79-9,DTXCID702254,XLNZEKHULJKQBA-UHFFFAOYSA-N,"S-[(tert-Butylsulfanyl)methyl] O,O-diethyl phosphorodithioate",C9H21O2PS3,288.42,288.044130436,125.893,N/A,1.2942E-8,1.152,-0.779,0.00000350752,146.141,-17.094,0.005,0.00000578096,N/A,N/A,N/A,N/A,0.000148594,0.0000625173,2.41741E-11,64.5379,347.914,315.357,0.00000463013,1.06163,9.78096,660.363,4.47814,-29.1609,N/A,N/A,0.000317909,0.0000170743
ACIFLUORFEN,Approved Name,DTXSID0020022,Acifluorfen,50594-66-6,DTXCID6022,NUFNQYOELLVIPL-UHFFFAOYSA-N,5-[2-Chloro-4-(trifluoromethyl)phenoxy]-2-nitrobenzoic acid,C14H7ClF3NO5,361.66,360.9964845,64.4169,409.328,0.0000104472,1.612,1.058,0.0000010617,199.1,138.93,0.273,0.00504661,N/A,N/A,N/A,N/A,5.99791E-9,0.00000322107,1.3798E-11,5.01941,3.54931,322.23,1.07878E-8,0.894167,10.633,113.208,3.70059,150.015,N/A,N/A,1.14862E-9,0.0824185
CHLORIMURON,Approved Name,DTXSID20244020,Chlorimuron,99283-00-8,DTXCID20166511,RIUXZHMCCFLRBI-UHFFFAOYSA-N,2-{[(4-Chloro-6-methoxypyrimidin-2-yl)carbamoyl]sulfamoyl}benzoic acid,C13H11ClN4O6S,386.76,386.008783,0.561048,N/A,N/A,1.645,1.095,N/A,323.599,233.097,0.164,0.00736207,N/A,N/A,N/A,N/A,8.22243E-13,0.000365595,1.6614E-11,7.53091,4.48058,255.472,7.22195E-11,0.177944,9.36385,51.3846,1.42202,169.955,N/A,N/A,2.49122E-9,0.0000566494
CLETHODIM,Approved Name,DTXSID3034458,Clethodim,99129-21-2,DTXCID701478312,SILSDTWXNBZOGF-JWGBMQLESA-N,2-(N-{[(2E)-3-Chloroprop-2-en-1-yl]oxy}propanimidoyl)-5-[2-(ethylsulfanyl)propyl]-3-hydroxycyclohex-2-en-1-one,C17H26ClNO3S,359.91,359.1321926,N/A,N/A,N/A,N/A,N/A,N/A,N/A,N/A,N/A,N/A,N/A,N/A,N/A,N/A,N/A,N/A,N/A,N/A,N/A,N/A,N/A,N/A,N/A,N/A,N/A,N/A,N/A,N/A,N/A,N/A
CLOMAZONE,Approved Name,DTXSID1032355,Clomazone,81777-89-1,DTXCID9012355,KIEDNEWSYUYDSN-UHFFFAOYSA-N,"2-[(2-Chlorophenyl)methyl]-4,4-dimethyl-1,2-oxazolidin-3-one",C12H14ClNO2,239.7,239.0713064,N/A,310.651,N/A,1.367,0.592,N/A,N/A,72.823,1.078,0.00259418,N/A,142.911,N/A,N/A,0.0000328852,0.00106414,1.37659E-11,67.9228,3.33761,275.056,3.30603E-8,0.598175,7.38028,276.031,2.49791,25.2499,N/A,N/A,0.000143401,0.00457951
CLORANSULAM-METHYL,Approved Name,DTXSID8034372,Cloransulam-methyl,147150-35-4,DTXCID6014372,BIKACRYIQSLICJ-UHFFFAOYSA-N,"Methyl 3-chloro-2-[(5-ethoxy-7-fluoro[1,2,4]triazolo[1,5-c]pyrimidine-2-sulfonyl)amino]benzoate",C15H13ClFN5O5S,429.81,429.0309956,3.31131,N/A,N/A,N/A,0.861,N/A,N/A,220.63,N/A,N/A,N/A,N/A,N/A,N/A,3.21366E-10,0.0000233346,1.65231E-11,7.09438,4.73724,327.48,1.22118E-11,1.17617,10.2953,43.2871,1.63923,216.987,N/A,N/A,3.77301E-11,0.0000846243
ETHALFLURALIN,Approved Name,DTXSID8032386,Ethalfluralin,55283-68-6,DTXCID6012386,PTFJIKYUEPWBMS-UHFFFAOYSA-N,"N-Ethyl-N-(2-methylprop-2-en-1-yl)-2,6-dinitro-4-(trifluoromethyl)aniline",C13H14F3N3O4,333.267,333.093640432,184.502,350.199,0.00000283139,1.382,1.214,3.25087E-7,161.973,61.948,0.628,0.0147571,N/A,N/A,0.0000107895,N/A,0.00000379315,0.00000233884,4.81846E-11,199.042,3.54005,350.902,1.91713E-7,1.27239,7.54802,3992.48,5.11043,55.4805,N/A,N/A,0.0000873343,2.71979E-7
FENOXAPROP,Approved Name,DTXSID5058224,Fenoxaprop,95617-09-7,DTXCID8031992,MPPOHAUSNPTFAJ-UHFFFAOYSA-N,"2-{4-[(6-Chloro-1,3-benzoxazol-2-yl)oxy]phenoxy}propanoic acid",C16H12ClNO5,333.72,333.0404002,64.2688,424.951,0.00000378443,1.418,0.902,6.39735E-7,245.704,153.399,0.138,0.0041115,N/A,N/A,0.0000103753,N/A,9.88553E-10,0.0000181552,1.71237E-11,3.60713,3.54559,321.625,3.19851E-9,1.76593,10.6423,1354.88,3.56424,158.011,N/A,N/A,0.00000134052,0.0118534
FLUAZIFOP,Approved Name,DTXSID3058163,Fluazifop,69335-91-7,DTXCID9031931,YUVKUEAFAVKILW-UHFFFAOYSA-N,2-(4-{[5-(Trifluoromethyl)pyridin-2-yl]oxy}phenoxy)propanoic acid,C15H12F3NO4,327.259,327.071842359,17.1396,354.536,0.0000164059,1.415,1.004,0.00000210863,233.577,84.518,0.054,N/A,N/A,N/A,N/A,N/A,9.07821E-8,0.0000187932,1.05211E-11,3.75041,3.54854,326.544,8.34892E-9,0.427486,10.0243,724.103,3.18152,149.02,N/A,N/A,1.76856E-8,0.000123304
FOMESAFEN,Approved Name,DTXSID7024112,Fomesafen,72178-02-0,DTXCID704112,BGZZWXTVIYUUEY-UHFFFAOYSA-N,5-[2-Chloro-4-(trifluoromethyl)phenoxy]-N-(methanesulfonyl)-2-nitrobenzamide,C15H10ClF3N2O6S,438.76,437.9900194,19.1426,N/A,0.0000272898,1.551,1.135,1.94984E-7,208.705,197.078,0.275,0.0035156,N/A,N/A,N/A,N/A,3.02691E-8,0.00000470977,1.82613E-11,4.60261,4.45599,273.455,2.39467E-8,0.616124,10.6423,60.4892,2.90198,219.95,N/A,N/A,1.43008E-11,0.000113744
IMAZAMOX,Approved Name,DTXSID3034664,Imazamox,114311-32-9,DTXCID1014664,NUPJIGQFXCQJBK-UHFFFAOYSA-N,"5-(Methoxymethyl)-2-[4-methyl-5-oxo-4-(propan-2-yl)-4,5-dihydro-1H-imidazol-2-yl]pyridine-3-carboxylic acid",C15H19N3O4,305.334,305.137556104,1.35519,N/A,0.000171002,1.263,0.952,N/A,262.831,191.631,0.648,0.00371535,N/A,N/A,N/A,N/A,3.34965E-9,0.00443609,1.66671E-11,3.80997,3.3512,277.19,6.48101E-11,0.230238,9.20579,27.2745,0.730687,166.02,N/A,N/A,9.62602E-9,0.171009
IMAZAQUIN,Approved Name,DTXSID3024152,Imazaquin,81335-37-7,DTXCID904152,CABMTIJINOIHOD-UHFFFAOYSA-N,"2-[4-Methyl-5-oxo-4-(propan-2-yl)-4,5-dihydro-1H-imidazol-2-yl]quinoline-3-carboxylic acid",C17H17N3O3,311.341,311.126991419,3.4435,N/A,0.0000530884,1.305,0.945,N/A,279.215,222.92,0.56,0.011298,N/A,N/A,N/A,N/A,5.34564E-10,0.000450817,1.65459E-11,2.88632,3.34957,288.539,2.08609E-10,0.227621,9.33619,19.9887,1.86053,220.931,N/A,N/A,1.71302E-10,0.00301365
LACTOFEN,Approved Name,DTXSID7024160,Lactofen,77501-63-4,DTXCID404160,CONWAEURSVPLRM-UHFFFAOYSA-N,1-Ethoxy-1-oxopropan-2-yl 5-[2-chloro-4-(trifluoromethyl)phenoxy]-2-nitrobenzoate,C19H15ClF3NO7,461.77,461.048914,30.4088,425.323,0.00000158855,1.53,1.012,3.58096E-8,241.909,73.195,0.466,0.00626614,N/A,N/A,N/A,N/A,2.2856E-8,8.22243E-7,1.84703E-11,93.5328,3.54758,378.701,4.84472E-9,6.88765,10.267,10041.9,4.80799,45.0992,N/A,N/A,6.97866E-8,2.17606E-7
NORFLURAZON,Approved Name,DTXSID8024234,Norflurazon,27314-13-2,DTXCID304234,NVGOPFQZYCNLDU-UHFFFAOYSA-N,4-Chloro-5-(methylamino)-2-[3-(trifluoromethyl)phenyl]pyridazin-3(2H)-one,C12H9ClF3N3O,303.67,303.0386241,N/A,355.301,0.0000107152,1.501,0.941,3.90841E-7,164.816,180.204,0.227,0.0101391,N/A,N/A,N/A,N/A,7.07946E-7,0.0000905733,2.69616E-11,22.9098,3.54622,315.675,1.10788E-9,0.363065,6.63767,1901.56,2.37755,183.817,N/A,N/A,2.92972E-8,0.000101356
QUIZALOFOP,Approved Name,DTXSID60273935,Quizalofop,76578-12-6,DTXCID70196424,ABOOPXYCKNFDNJ-UHFFFAOYSA-N,2-{4-[(6-Chloroquinoxalin-2-yl)oxy]phenoxy}propanoic acid,C17H13ClN2O4,344.75,344.0563846,10.3514,435.491,0.00000317687,1.448,0.722,5.83445E-7,285.507,140.898,0.375,0.00328095,N/A,136.846,0.0000109648,N/A,8.87156E-10,0.0000158855,1.06409E-11,3.61651,3.54507,372.433,4.38901E-9,0.478746,10.4983,736.582,3.41748,216.151,N/A,N/A,1.25944E-7,8.82751E-7
SULFENTRAZONE,Approved Name,DTXSID6032645,Sulfentrazone,122836-35-5,DTXCID4012645,OORLZFUTLGXMEF-UHFFFAOYSA-N,"N-{2,4-Dichloro-5-[4-(difluoromethyl)-3-methyl-5-oxo-4,5-dihydro-1H-1,2,4-triazol-1-yl]phenyl}methanesulfonamide",C11H10Cl2F2N4O3S,387.18,385.9818731,6.91831,N/A,0.0000271644,1.624,1.271,N/A,203.396,174.743,0.709,0.00122744,N/A,N/A,N/A,N/A,2.58821E-8,0.000125314,2.15602E-11,7.64343,5.69031,342.438,9.35139E-11,1.02083,11.0785,450.883,0.993599,122.057,N/A,N/A,9.7251E-10,0.00199162
TRI-ALLATE,Approved Name,DTXSID5024344,Tri-allate,2303-17-5,DTXCID804344,MWBPRDONLNQCFV-UHFFFAOYSA-N,"S-(2,3,3-Trichloroprop-2-en-1-yl) dipropan-2-ylcarbamothioate",C10H16Cl3NOS,304.65,303.0018184,90.7821,N/A,0.00000145546,1.179,0.189,N/A,138.716,13.164,0.687,0.0144544,N/A,N/A,N/A,N/A,0.000402717,0.0000345144,1.45933E-11,454.39,4.40087,293.249,0.0000517357,0.166949,8.85561,2234.16,4.59952,29.0233,N/A,N/A,0.000120097,0.0000133432
TRIBENURON METHYL,Approved Name,DTXSID8024101,Tribenuron-methyl,101200-48-0,DTXCID004101,VLCQZHSMCYCDJL-UHFFFAOYSA-N,"Methyl 2-{[(4-methoxy-6-methyl-1,3,5-triazin-2-yl)(methyl)carbamoyl]sulfamoyl}benzoate",C15H17N5O6S,395.39,395.089954461,0.966051,N/A,N/A,1.519,0.961,N/A,308.234,173.985,0.339,N/A,N/A,N/A,N/A,N/A,1.07399E-10,0.00133045,1.76578E-11,1.5502,4.26528,281.894,1.02309E-13,0.249224,10.2887,52.4559,1.85973,141.019,N/A,N/A,3.88935E-10,0.00043608
VERNOLATE,Approved Name,DTXSID7024376,Vernolate,1929-77-7,DTXCID504376,OKUGPJPKMAEJOE-UHFFFAOYSA-N,S-Propyl dipropylcarbamothioate,C10H21NOS,203.34,203.134385474,19.2752,N/A,0.0000225424,0.961,0.433,N/A,120.192,14.368,0.149,0.00588844,N/A,N/A,N/A,N/A,0.0212324,0.000603949,2.52812E-11,36.6939,4.70744,212.637,5.53678E-7,0.103952,7.41851,214.129,3.83945,-10.5002,N/A,N/A,0.0108496,0.000456759
CARFENTRAZONE-ETHYL,Approved Name,DTXSID4032532,Carfentrazone-ethyl,128639-02-1,DTXCID2012532,MLKCGVHIFJBRCD-UHFFFAOYSA-N,"Ethyl 2-chloro-3-{2-chloro-5-[4-(difluoromethyl)-3-methyl-5-oxo-4,5-dihydro-1H-1,2,4-triazol-1-yl]-4-fluorophenyl}propanoate",C15H14Cl2F3N3O3,412.19,411.0364312,9.86279,N/A,0.00000613762,1.593,1.163,N/A,235.033,135.454,0.679,0.00405509,N/A,N/A,N/A,N/A,2.58226E-8,0.0000111944,2.1611E-11,192.141,4.88739,352.496,2.23949E-9,4.52345,9.6425,1193.19,3.36057,-21.9765,N/A,N/A,1.20344E-7,0.0000536586
DIFLUFENZOPYR,Expert Validated Synonym - WARNING: Synonym mapped to two or more chemicals,DTXSID301337352,Diflufenzopyr E-isomer,1957168-02-3,DTXCID6014538,IRJQWZWMQCVOLA-DNTJNYDQSA-N,N/A,C15H12F2N4O3,334.283,334.087746588,N/A,N/A,N/A,N/A,N/A,N/A,N/A,N/A,N/A,N/A,N/A,N/A,N/A,N/A,N/A,N/A,N/A,N/A,N/A,N/A,N/A,N/A,N/A,N/A,N/A,N/A,N/A,N/A,N/A,N/A
DIFLUFENZOPYR,Approved Name - WARNING: Synonym mapped to two or more chemicals,DTXSID8034538,Diflufenzopyr,109293-97-2,DTXCID50810393,IRJQWZWMQCVOLA-UHFFFAOYSA-N,"2-(1-{2-[(3,5-Difluorophenyl)carbamoyl]hydrazinylidene}ethyl)pyridine-3-carboxylic acid",C15H12F2N4O3,334.283,334.087746588,3.7325,437.099,0.0000164059,1.466,0.84,N/A,303.542,236.171,0.52,0.00529663,N/A,N/A,N/A,N/A,2.55859E-12,0.00000226986,1.65309E-11,4.8892,3.53428,276.847,7.52402E-10,0.171062,9.30135,588.49,2.50686,217.094,N/A,N/A,7.62638E-11,0.0018126
PELARGONIC ACID,Synonym from Valid Source,DTXSID3021641,Nonanoic acid,112-05-0,DTXCID901641,FBUKVWPVBMHYJY-UHFFFAOYSA-N,Nonanoic acid,C9H18O2,158.241,158.13067982,13.59,255.56,0.000616595,0.95,0.83,0.0000371535,125.3,25.93,0.06,0.0380189,28.6,148.94,0.000331131,5.55904,0.00109648,0.00245471,1.14073E-11,2.98606,4.98751,254.606,0.00000168863,0.244636,7.78065,309.048,3.4195,12.5209,N/A,N/A,0.00165274,0.00179067
PROMETRYN,Approved Name,DTXSID4024272,Prometryn,7287-19-6,DTXCID704272,AAEVYOVXGOFMJO-UHFFFAOYSA-N,"6-(Methylsulfanyl)-N~2~,N~4~-di(propan-2-yl)-1,3,5-triazine-2,4-diamine",C10H19N5S,241.36,241.136116806,9.35406,N/A,0.0000486407,1.165,0.57,0.0000410204,186.492,90.639,0.177,0.00758578,N/A,N/A,N/A,N/A,9.59401E-7,0.000322849,1.53821E-11,12.3274,4.74669,338.851,2.31181E-8,0.144942,9.11123,707.421,3.51124,118.767,N/A,N/A,0.00000124348,0.000110677
METHOXYCHLOR,Approved Name,DTXSID9020827,Methoxychlor,72-43-5,DTXCID30827,IAKOZHOLGAGEJT-UHFFFAOYSA-N,"1,1'-(2,2,2-Trichloroethane-1,1-diyl)bis(4-methoxybenzene)",C16H15Cl3O2,345.64,344.0137628,628.058,358.501,7.31139E-7,1.393,0.876,5.94292E-7,199.543,79.002,0.244,N/A,N/A,134.214,0.00000362243,15.6315,0.00000242103,7.94328E-7,1.63598E-11,317.991,5.09595,346.007,2.05176E-7,28.1939,9.1736,79308.3,5.08015,86.9644,N/A,N/A,0.00000616014,2.45045E-7
CHLORSULFURON,Approved Name,DTXSID7023980,Chlorsulfuron,64902-72-3,DTXCID503980,VJYIFXVZLXQVHO-UHFFFAOYSA-N,"2-Chloro-N-[(4-methoxy-6-methyl-1,3,5-triazin-2-yl)carbamoyl]benzene-1-sulfonamide",C12H12ClN5O4S,357.77,357.0298528,1.90108,N/A,N/A,1.562,1.137,N/A,300.284,198.104,0.16,0.0176198,N/A,N/A,N/A,N/A,6.48634E-11,0.000341979,1.38505E-11,8.46579,4.27775,264.571,1.00148E-10,0.247619,9.49681,154.781,1.99948,176.011,N/A,N/A,2.25251E-11,0.0512926
DIMETHENAMID-P,Approved Name,DTXSID2034542,Dimethenamid-P,163515-14-8,DTXCID0014542,JLYFCTQDENRSOL-VIFPVBQESA-N,"2-Chloro-N-(2,4-dimethylthiophen-3-yl)-N-[(2S)-1-methoxypropan-2-yl]acetamide",C12H18ClNO2S,275.79,275.0746777,17.8238,337.241,0.000151705,1.234,0.711,N/A,165.954,65.396,0.443,N/A,N/A,N/A,0.0000360579,48.0839,0.0000255859,0.00145881,1.16888E-11,62.9913,3.34898,294.311,8.11339E-8,0.195804,8.64846,236.886,2.14996,1.51238,N/A,N/A,0.000272089,0.00453606
FLUROXYPYR,Approved Name,DTXSID2034627,Fluroxypyr,69377-81-7,DTXCID0014627,MEFQWPUMEMWTJP-UHFFFAOYSA-N,"[(4-Amino-3,5-dichloro-6-fluoropyridin-2-yl)oxy]acetic acid",C7H5Cl2FN2O3,255.03,253.9661256,4.77529,345.959,0.0000897429,1.654,0.505,0.0000899498,214.024,190.058,0.117,0.00130017,N/A,145.37,0.000177419,43.9542,1.74985E-7,0.000933254,4.49575E-12,4.73499,3.54501,305.611,9.29943E-9,0.181554,8.13707,106.644,1.67697,231.95,N/A,N/A,2.84871E-11,0.00303039
METSULFURON,Approved Name,DTXSID1058187,Metsulfuron,79510-48-8,DTXCID7031955,UWHURBUBIHUHSU-UHFFFAOYSA-N,"2-{[(4-Methoxy-6-methyl-1,3,5-triazin-2-yl)carbamoyl]sulfamoyl}benzoic acid",C13H13N5O6S,367.34,367.058654333,0.149279,N/A,N/A,1.743,0.996,N/A,297.654,212.268,N/A,N/A,N/A,N/A,N/A,N/A,N/A,0.00196336,1.3516E-11,6.1062,4.87764,320.299,1.34622E-11,0.199109,9.21866,43.2506,1.70011,190.011,N/A,N/A,2.15545E-8,0.000469009
PYRETHRINS,Approved Name,DTXSID8034873,Pyrethrins,8003-34-7,N/A,N/A,N/A,N/A,N/A,N/A,N/A,N/A,N/A,N/A,N/A,N/A,N/A,N/A,N/A,N/A,N/A,N/A,N/A,N/A,N/A,N/A,N/A,N/A,N/A,N/A,N/A,N/A,N/A,N/A,N/A,N/A,N/A,N/A,N/A,N/A
ROTENONE,Approved Name,DTXSID6021248,Rotenone,83-79-4,DTXCID901248,JUVIOZPCNVVQFO-HBGVWJBISA-N,"(2R,6aS,12aS)-8,9-Dimethoxy-2-(prop-1-en-2-yl)-1,2,12,12a-tetrahydrofuro[2',3':7,8][1]benzopyrano[2,3-c][1]benzopyran-6(6aH)-one",C23H22O6,394.423,394.141638428,35.8096,523.472,0.00000236592,1.293,0.863,9.81748E-8,235.279,175.545,0.333,0.000709578,N/A,N/A,N/A,N/A,1.18032E-10,0.0000248313,1.23629E-10,25.7136,3.36189,425.934,1.81047E-9,0.257335,11.695,10020,4.09762,176.003,N/A,N/A,1.67365E-10,0.0000129423
SULFUR,Approved Name,DTXSID9034941,Sulfur,7704-34-9,DTXCID7014941,NINIDFKCEFEMDL-UHFFFAOYSA-N,Sulfur,S,32.06,31.972071174,N/A,N/A,N/A,N/A,N/A,N/A,N/A,N/A,N/A,N/A,N/A,N/A,N/A,N/A,N/A,N/A,N/A,N/A,N/A,N/A,N/A,N/A,N/A,N/A,N/A,N/A,N/A,N/A,N/A,N/A
MESOTRIONE,Approved Name,DTXSID7032424,Mesotrione,104206-82-8,DTXCID5012424,KPUREKXXPHOJQT-UHFFFAOYSA-N,"2-[4-(Methanesulfonyl)-2-nitrobenzoyl]cyclohexane-1,3-dione",C14H13NO7S,339.32,339.041272937,1.15345,396.098,0.000505825,1.528,0.945,0.00000355631,261.158,163.793,0.532,N/A,N/A,N/A,0.0000274157,N/A,3.42768E-8,0.000139316,7.02125E-11,3.1087,3.54023,412.126,1.01651E-9,0.67603,10.9158,57.7105,0.78305,110.453,N/A,N/A,2.94552E-10,0.000913897
FLUMIOXAZIN,Approved Name,DTXSID7032555,Flumioxazin,103361-09-7,DTXCID5012555,FOUWCSDKDDHKQP-UHFFFAOYSA-N,"2-[7-Fluoro-3-oxo-4-(prop-2-yn-1-yl)-3,4-dihydro-2H-1,4-benzoxazin-6-yl]-4,5,6,7-tetrahydro-1H-isoindole-1,3(2H)-dione",C19H15FN2O4,354.337,354.101585134,N/A,477.363,N/A,1.376,1.063,1.08643E-7,268.914,193.122,0,N/A,N/A,N/A,N/A,N/A,6.71429E-11,0.0000103514,1.29459E-10,7.59518,3.3585,408.335,3.97977E-10,2.6019,11.6846,1306.23,2.54927,202.415,N/A,N/A,0.00000240069,0.00000503755
FORAMSULFURON,Approved Name,DTXSID7034753,Foramsulfuron,173159-57-4,DTXCID5014753,PXDNXJSDGQBLKS-UHFFFAOYSA-N,"2-{[(4,6-Dimethoxypyrimidin-2-yl)carbamoyl]sulfamoyl}-4-formamido-N,N-dimethylbenzamide",C17H20N6O7S,452.44,452.111418182,0.378443,N/A,N/A,1.549,0.976,N/A,360.846,215.626,0.174,N/A,N/A,N/A,N/A,N/A,1.78649E-13,0.000610942,2.34609E-11,3.84639,5.67465,265.108,1.03188E-11,0.34074,9.47205,50.2145,0.74537,175.182,N/A,N/A,4.33528E-10,0.00720225
METHOXYFENOZIDE,Approved Name,DTXSID3032628,Methoxyfenozide,161050-58-4,DTXCID1012628,QCAWEPFNJXQPAN-UHFFFAOYSA-N,"N'-tert-Butyl-N'-(3,5-dimethylbenzoyl)-3-methoxy-2-methylbenzohydrazide",C22H28N2O3,368.477,368.20999277,56.7545,N/A,0.00000360579,1.098,0.77,0.00000198153,236.138,200.296,-0.036,0.00946237,N/A,N/A,N/A,N/A,2.97852E-8,0.0000132739,2.03884E-11,74.4817,3.35393,328.73,1.48176E-9,0.705862,10.3986,1851.25,3.69869,204.479,N/A,N/A,3.43903E-8,0.00000490474
ZETA-CYPERMETHRIN,Approved Name,DTXSID40274167,zeta-Cypermethrin,1315501-18-8,DTXCID20196550,KAATUXNTWXVJKI-QPIRBTGLSA-N,"(S)-Cyano(3-phenoxyphenyl)methyl 3-(2,2-dichloroethenyl)-2,2-dimethylcyclopropane-1-carboxylate",C22H19Cl2NO3,416.3,415.0741989,N/A,N/A,N/A,N/A,N/A,N/A,N/A,N/A,N/A,N/A,N/A,N/A,N/A,N/A,N/A,N/A,3.41147E-11,338.97,3.35135,424.345,2.07474E-9,5.0024,11.7027,99845.4,6.59788,81.3899,N/A,N/A,3.06772E-9,3.57651E-8
NAPTALAM,Approved Name,DTXSID6032437,Naptalam,132-66-1,DTXCID4012437,JXTHEWSKYLZVJC-UHFFFAOYSA-N,2-[(Naphthalen-1-yl)carbamoyl]benzoic acid,C18H13NO3,291.306,291.089543283,6.71429,476.076,0.000131522,1.362,0.937,0.00000542001,247.243,231.037,0.397,0.0190108,N/A,N/A,0.0000665273,N/A,2.40436E-10,0.0000447713,9.27883E-12,45.7943,15.169,296.669,2.67997E-10,0.327203,9.42461,2185.62,3.07383,185.042,N/A,N/A,7.46452E-10,0.000682945
TETRAOXOSULFATE,Searched by Synonym: Found 0 results,N/A,N/A,N/A,N/A,N/A,N/A,N/A,N/A,N/A,N/A,N/A,N/A,N/A,N/A,N/A,N/A,N/A,N/A,N/A,N/A,N/A,N/A,N/A,N/A,N/A,N/A,N/A,N/A,N/A,N/A,N/A,N/A,N/A,N/A,N/A,N/A,N/A,N/A,N/A
IODOSULFURON,Approved Name,DTXSID1043968,Iodosulfuron,185119-76-0,DTXCID401478325,MBFHUWCOCCICOK-UHFFFAOYSA-N,"4-Iodo-2-{[(4-methoxy-6-methyl-1,3,5-triazin-2-yl)carbamoyl]sulfamoyl}benzoic acid",C13H12IN5O6S,493.23,492.9553,N/A,N/A,N/A,N/A,N/A,N/A,N/A,N/A,N/A,N/A,N/A,N/A,N/A,N/A,N/A,N/A,N/A,N/A,N/A,N/A,N/A,N/A,N/A,N/A,N/A,N/A,N/A,N/A,N/A,N/A
CHLOROPICRIN,Integrated Source Name,DTXSID0020315,Trichloronitromethane,76-06-2,DTXCID00315,LFHISGNCFUNFFM-UHFFFAOYSA-N,Trichloro(nitro)methane,CCl3NO2,164.37,162.8994613,3.29,116.58,0.00707946,1.61,0.59,0.00011749,45.39,1.71,0.82,0.00245471,30.67,131.08,0.000060256,1.14815,7.94328,0.0323594,4.96914E-15,19.1064,4.62777,112.163,0.00206106,2.61812,3.07711,61.6589,2.08833,-63.9305,N/A,N/A,24.0246,0.0180425
DICHLOROPROPENE,Synonym - WARNING: Synonym mapped to two or more chemicals,DTXSID00891738,Dichloro-1-propene,26952-23-8,N/A,N/A,N/A,N/A,N/A,N/A,N/A,N/A,N/A,N/A,N/A,N/A,N/A,N/A,N/A,N/A,N/A,N/A,N/A,N/A,N/A,N/A,N/A,N/A,N/A,N/A,N/A,N/A,N/A,N/A,N/A,N/A,N/A,N/A,N/A,N/A
DICHLOROPROPENE,Synonym - WARNING: Synonym mapped to two or more chemicals,DTXSID1022057,"1,3-Dichloropropene",542-75-6,DTXCID501307,UOORRWUZONOOLO-UHFFFAOYSA-N,"1,3-Dichloroprop-1-ene",C3H4Cl2,110.97,109.9690055,12.3027,97.43,0.000297167,1.202,0.342,0.000187499,32.676,-51.567,1.133,0.00398107,N/A,130.754,N/A,0.514044,41.9759,0.0229087,1.12093E-11,7.94442,5.37147,109.076,0.0023686,0.0860193,3.10178,46.2635,2.03987,-49.8496,N/A,N/A,31.1066,0.0179152
GARLIC JUICE,Searched by Synonym: Found 0 results,N/A,N/A,N/A,N/A,N/A,N/A,N/A,N/A,N/A,N/A,N/A,N/A,N/A,N/A,N/A,N/A,N/A,N/A,N/A,N/A,N/A,N/A,N/A,N/A,N/A,N/A,N/A,N/A,N/A,N/A,N/A,N/A,N/A,N/A,N/A,N/A,N/A,N/A,N/A
AZADIRACHTIN,Approved Name,DTXSID0037497,Azadirachtin,11141-17-6,DTXCID8017497,FTNJWQUOZFUQQJ-NDAWSKJSSA-N,"Dimethyl (2aR,3S,4S,4aR,5S,7aS,8S,10R,10aS,10bR)-10-(acetyloxy)-3,5-dihydroxy-4-[(1aR,2S,3aS,6aS,7S,7aS)-6a-hydroxy-7a-methyl-3a,6a,7,7a-tetrahydro-2,7-methanofuro[2,3-b]oxireno[e]oxepin-1a(2H)-yl]-4-
methyl-8-{[(2E)-2-methylbut-2-enoyl]oxy}octahydro-1H,7H-naphtho[1,8a-c:4,5-b'c']difuran-5,10a(8H)-dicarboxylate",C35H44O16,720.721,720.262935337,N/A,691.604,0.00000338844,1.591,N/A,N/A,410.011,232.164,0.267,0.0000452898,N/A,N/A,N/A,N/A,5.98412E-15,0.0005188,N/A,N/A,136.253,459.092,N/A,N/A,9.52564,N/A,N/A,156.503,N/A,N/A,6.72951E-11,N/A
PYRAFLUFEN ETHYL,Approved Name,DTXSID8034871,Pyraflufen-ethyl,129630-19-9,DTXCID6014871,APTZNLHMIGJTEW-UHFFFAOYSA-N,Ethyl {2-chloro-5-[4-chloro-5-(difluoromethoxy)-1-methyl-1H-pyrazol-3-yl]-4-fluorophenoxy}acetate,C15H13Cl2F3N2O4,413.17,412.0204468,202.302,425.755,0.00000273527,1.499,0.719,1.49624E-7,255.25,80.285,0.438,0.000866962,N/A,N/A,N/A,N/A,1.93642E-8,0.00000164059,1.39061E-11,56.9608,5.13705,358.83,9.38705E-9,4.60453,10.1728,478.81,3.49081,68.9291,N/A,N/A,4.5392E-7,2.00735E-7
ALDICARB,Approved Name,DTXSID0039223,Aldicarb,116-06-3,DTXCID1039,QGLZXHRNAYXIBU-UHFFFAOYSA-N,"7,7-Dimethyl-4-oxa-8-thia-2,5-diazanon-5-en-3-one",C7H14N2O2S,190.26,190.077598873,N/A,268.692,0.00000238781,1.1,0.656,0.00000590201,134.192,68.475,0.505,0.0000233884,N/A,N/A,N/A,N/A,0.000138676,0.0254683,1.42903E-11,13.8305,3.54517,253.18,2.35627E-8,0.110306,7.49874,31.643,1.12863,98.4411,N/A,N/A,0.0000349538,0.0302814
CYHALOTHRIN-GAMMA,Searched by Synonym: Found 0 results,N/A,N/A,N/A,N/A,N/A,N/A,N/A,N/A,N/A,N/A,N/A,N/A,N/A,N/A,N/A,N/A,N/A,N/A,N/A,N/A,N/A,N/A,N/A,N/A,N/A,N/A,N/A,N/A,N/A,N/A,N/A,N/A,N/A,N/A,N/A,N/A,N/A,N/A,N/A
DELTAMETHRIN,Approved Name,DTXSID8020381,Deltamethrin,52918-63-5,DTXCID20381,OWZREIFADZCYQD-NSHGMRRFSA-N,"(S)-Cyano(3-phenoxyphenyl)methyl (1R,3R)-3-(2,2-dibromoethenyl)-2,2-dimethylcyclopropane-1-carboxylate",C22H19Br2NO3,505.206,502.973169,192.752,466.968,4.96592E-10,1.897,N/A,6.9024E-9,268.121,98.189,0.031,0.000086896,N/A,N/A,N/A,N/A,1.64437E-9,3.56451E-8,3.41634E-11,323.804,3.35386,430.074,1.87209E-9,3.23366,11.6883,62323.3,6.20043,99.9373,N/A,N/A,1.49102E-8,1.85949E-9
DIFLUBENZURON,Approved Name,DTXSID1024049,Diflubenzuron,35367-38-5,DTXCID204049,QQQYTWIFVNKMRW-UHFFFAOYSA-N,"N-[(4-Chlorophenyl)carbamoyl]-2,6-difluorobenzamide",C14H9ClF2N2O2,310.68,310.0320616,29.7852,414.58,0.00000150661,1.501,0.872,0.00000476431,246.27,203.265,0.326,0.00591562,N/A,N/A,N/A,N/A,4.51856E-9,0.00000121619,1.05917E-11,158.674,3.5341,263.086,7.99013E-11,0.259159,9.39837,6742.19,3.87716,238.964,N/A,N/A,8.96007E-10,4.01475E-7
THIODICARB,Approved Name,DTXSID0032578,Thiodicarb,59669-26-0,DTXCID50810232,XDOTVMNBCQVZKG-UHFFFAOYSA-N,"Dimethyl N,N'-{sulfanediylbis[(methylcarbamoyl)oxy]}diethanimidothioate",C10H18N4O4S3,354.46,354.049018598,N/A,N/A,N/A,N/A,N/A,N/A,N/A,N/A,N/A,N/A,N/A,N/A,N/A,N/A,N/A,N/A,N/A,N/A,N/A,N/A,N/A,N/A,N/A,N/A,N/A,N/A,N/A,N/A,N/A,N/A
QUINCLORAC,Approved Name,DTXSID6032641,Quinclorac,84087-01-4,DTXCID4012641,FFSSWMQPCJRCRV-UHFFFAOYSA-N,"3,7-Dichloroquinoline-8-carboxylic acid",C10H5Cl2NO2,242.06,240.9697338,6.223,353.87,0.0000635331,1.485,0.795,0.0000348337,200.663,204.89,0.138,0.00935406,N/A,N/A,0.000102329,N/A,6.83912E-7,0.000323594,1.17197E-11,3.54807,3.10053,324.501,3.31582E-9,0.21341,9.82462,2564.64,2.77183,273.871,N/A,N/A,2.24324E-7,2.80819E-7
SPIROMESIFEN,Approved Name,DTXSID1034929,Spiromesifen,283594-90-1,DTXCID9014929,GOLXNESZZPUPJE-UHFFFAOYSA-N,"2-Oxo-3-(2,4,6-trimethylphenyl)-1-oxaspiro[4.4]non-3-en-4-yl 3,3-dimethylbutanoate",C23H30O4,370.489,370.214409446,N/A,423.035,7.67361E-7,1.054,0.677,0.00000156675,214.192,120.916,0.338,0.00639735,N/A,N/A,N/A,N/A,2.1928E-8,0.00000389942,3.25632E-11,153.788,3.35752,368.451,1.4525E-8,1.0732,11.7354,5511.98,4.54555,115.74,N/A,N/A,3.83757E-7,3.54767E-7
AZOXYSTROBIN,Approved Name,DTXSID0032520,Azoxystrobin,131860-33-8,DTXCID8012520,WFDXOXNFNRHQEC-GHRIWEEISA-N,Methyl (2E)-2-(2-{[6-(2-cyanophenoxy)pyrimidin-4-yl]oxy}phenyl)-3-methoxyprop-2-enoate,C22H17N3O5,403.394,403.116820659,N/A,474.033,9.2045E-7,1.341,0.961,4.21697E-7,269.559,121.192,0.199,0.00105196,N/A,N/A,0.0000512861,N/A,9.4189E-11,0.00000153815,1.68071E-11,12.6901,5.68791,359.044,3.38183E-9,2.3119,11.6865,5514.34,2.50285,115.99,N/A,N/A,8.33097E-13,0.0000156743
CHLOROTHALONIL,Approved Name,DTXSID0020319,Chlorothalonil,1897-45-6,DTXCID20319,CRQQGFGUEAVUIL-UHFFFAOYSA-N,"2,4,5,6-Tetrachlorobenzene-1,3-dicarbonitrile",C8Cl4N2,265.9,263.8815588,44.2,341.73,1.38038E-7,1.62,0.29,0.00000537032,158.69,181.4,0.05,0.00489779,32.28,122.38,0.0000125893,2.5704,0.000218776,0.0000229087,2.83527E-12,63.2267,4.67662,349.957,0.00000200832,1.85629,8.49259,1820.27,2.97569,249.868,N/A,N/A,5.72958E-7,0.0000024103
FENTIN,Approved Name,DTXSID9058153,Fentin,668-34-8,DTXCID5031921,XBRCDWHXULVEFB-UHFFFAOYSA-N,Triphenylstannanylium,C18H15Sn,350.027,351.019029,N/A,N/A,N/A,N/A,N/A,N/A,N/A,N/A,N/A,N/A,N/A,N/A,N/A,N/A,N/A,N/A,N/A,N/A,N/A,N/A,N/A,N/A,N/A,N/A,N/A,N/A,N/A,N/A,N/A,N/A
MEFENOXAM,Expert Validated Synonym,DTXSID8032671,Metalaxyl-M,70630-17-0,DTXCID6012671,ZQEIXNIJLIKNTD-GFCCVEGCSA-N,"Methyl N-(2,6-dimethylphenyl)-N-(methoxyacetyl)-D-alaninate",C15H21NO4,279.336,279.14705816,17.1396,344.018,0.000024322,1.063,0.606,0.0000299916,184.163,11.762,0.191,0.00905733,N/A,147.097,0.000211836,41.3047,0.00000463447,0.00233884,2.15604E-11,8.25493,4.28575,299.892,3.92326E-9,0.198614,9.83674,37.2169,1.65024,67.2974,N/A,N/A,0.0000055709,0.043674
MYCLOBUTANIL,Approved Name,DTXSID8024315,Myclobutanil,88671-89-0,DTXCID304315,HZJKXKUJVSEEFU-UHFFFAOYSA-N,"2-(4-Chlorophenyl)-2-[(1H-1,2,4-triazol-1-yl)methyl]hexanenitrile",C15H17ClN4,288.78,288.1141743,103.514,396.923,0.00000792501,1.248,0.554,0.0000165577,246.156,95.825,0.709,0.00576766,N/A,N/A,N/A,N/A,1.25603E-7,0.0000382825,1.66065E-11,33.7376,3.35398,339.227,3.18221E-7,2.23048,8.99596,501.959,2.9395,152.76,N/A,N/A,1.96376E-7,0.000480987
PROPICONAZOLE,Approved Name,DTXSID8024280,Propiconazole,60207-90-1,DTXCID204280,STJLVHWMYQXCPB-UHFFFAOYSA-N,"1-{[2-(2,4-Dichlorophenyl)-4-propyl-1,3-dioxolan-2-yl]methyl}-1H-1,2,4-triazole",C15H17Cl2N3O2,342.22,341.0697822,102.094,366.386,0.0000337287,1.383,0.484,0.0000360579,253.742,91.615,0.333,0.00405509,N/A,N/A,N/A,N/A,7.07946E-8,0.000192309,1.66943E-11,45.7486,4.24505,350.142,0.00000382932,5.00852,10.203,2451.91,3.71704,82.618,N/A,N/A,4.19822E-7,0.000355398
PYRACLOSTROBIN,Approved Name,DTXSID7032638,Pyraclostrobin,175013-18-0,DTXCID5012638,HZRSNVGNWUDEFX-UHFFFAOYSA-N,Methyl [2-({[1-(4-chlorophenyl)-1H-pyrazol-3-yl]oxy}methyl)phenyl]methoxycarbamate,C19H18ClN3O4,387.82,387.0985838,N/A,465.144,N/A,1.41,0.41,N/A,176.408,102.24,0.587,N/A,N/A,N/A,N/A,N/A,1.49968E-9,0.0000209411,1.74763E-11,174.446,5.15004,335.991,1.49081E-7,1.7981,11.7081,1622.29,3.98987,116.214,N/A,N/A,8.47743E-9,0.00000490703
SULFUR,Approved Name,DTXSID9034941,Sulfur,7704-34-9,DTXCID7014941,NINIDFKCEFEMDL-UHFFFAOYSA-N,Sulfur,S,32.06,31.972071174,N/A,N/A,N/A,N/A,N/A,N/A,N/A,N/A,N/A,N/A,N/A,N/A,N/A,N/A,N/A,N/A,N/A,N/A,N/A,N/A,N/A,N/A,N/A,N/A,N/A,N/A,N/A,N/A,N/A,N/A
TEBUCONAZOLE,Approved Name,DTXSID9032113,Tebuconazole,107534-96-3,DTXCID7012113,PXMNMQRDXWABCY-UHFFFAOYSA-N,"1-(4-Chlorophenyl)-4,4-dimethyl-3-[(1H-1,2,4-triazol-1-yl)methyl]pentan-3-ol",C16H22ClN3O,307.82,307.14514,49.204,344.862,0.0000312608,1.249,0.483,0.0000131522,237.471,113.611,0.499,0.0101391,N/A,N/A,N/A,N/A,9.28966E-8,0.0000893305,2.30975E-11,243.765,3.17728,321.733,3.09832E-7,5.87665,10.6451,994.153,3.69972,102.495,N/A,N/A,1.289E-8,0.000116847
TETRACONAZOLE,Approved Name,DTXSID8034956,Tetraconazole,112281-77-3,DTXCID6014956,LQDARGUHUSPFNL-UHFFFAOYSA-N,"1-[2-(2,4-Dichlorophenyl)-3-(1,1,2,2-tetrafluoroethoxy)propyl]-1H-1,2,4-triazole",C13H11Cl2F4N3O,372.14,371.02153,131.22,344.772,0.0000246604,1.507,0.626,0.00000269153,242.328,60.427,0.138,N/A,N/A,N/A,N/A,N/A,1.71002E-7,0.0000151356,1.65149E-11,309.506,4.27457,339.059,0.00000253277,16.8987,8.21551,748.422,3.55959,6.10937,N/A,N/A,0.00000135442,0.000416843
TRIFLOXYSTROBIN,Approved Name,DTXSID4032580,Trifloxystrobin,141517-21-7,DTXCID501509092,ONCZDRURRATYFI-TVJDWZFNSA-N,Methyl (2E)-(methoxyimino)[2-({[(E)-{1-[3-(trifluoromethyl)phenyl]ethylidene}amino]oxy}methyl)phenyl]acetate,C20H19F3N2O4,408.377,408.129691589,N/A,N/A,N/A,N/A,N/A,N/A,N/A,N/A,N/A,N/A,N/A,N/A,N/A,N/A,N/A,N/A,N/A,N/A,N/A,N/A,N/A,N/A,N/A,N/A,N/A,N/A,N/A,N/A,N/A,N/A
TOPRAMEZONE,Approved Name,DTXSID0034722,Topramezone,210631-68-8,DTXCID8014722,IYMLUHWAJFXAQP-UHFFFAOYSA-N,"[3-(4,5-Dihydro-1,2-oxazol-3-yl)-4-(methanesulfonyl)-2-methylphenyl](5-hydroxy-1-methyl-1H-pyrazol-4-yl)methanone",C16H17N3O5S,363.39,363.088891833,11.0154,N/A,0.0000781628,N/A,0.699,N/A,N/A,129.331,N/A,N/A,N/A,N/A,N/A,N/A,9.12011E-9,0.0000280543,1.77832E-11,2.48154,3.17288,370.073,6.3122E-10,0.529091,10.6514,177.142,2.29602,149.45,N/A,N/A,1.55084E-9,0.272144
TRALKOXYDIM,Approved Name,DTXSID1034973,Tralkoxydim,87820-88-0,DTXCID9014973,DQFPEYARZIQXRM-UHFFFAOYSA-N,"4-(N-Ethoxypropanimidoyl)-5-hydroxy-2',4',6'-trimethyl-1,6-dihydro[1,1'-biphenyl]-3(2H)-one",C20H27NO3,329.44,329.199093733,26.3633,N/A,0.0000232274,N/A,0.882,N/A,N/A,91.211,0.124,0.00688652,N/A,N/A,N/A,N/A,4.05509E-7,0.0000202768,6.46992E-11,85.8238,3.35444,339.419,8.51569E-9,0.472891,9.73046,1306.82,4.46054,105.879,N/A,N/A,2.81693E-9,0.0000184974
SPINOSYN,Searched by Synonym: Found 0 results,N/A,N/A,N/A,N/A,N/A,N/A,N/A,N/A,N/A,N/A,N/A,N/A,N/A,N/A,N/A,N/A,N/A,N/A,N/A,N/A,N/A,N/A,N/A,N/A,N/A,N/A,N/A,N/A,N/A,N/A,N/A,N/A,N/A,N/A,N/A,N/A,N/A,N/A,N/A
THIOPHANATE-METHYL,Approved Name,DTXSID1024338,Thiophanate-methyl,23564-05-8,DTXCID104338,QGHREAKMXXNCOA-UHFFFAOYSA-N,"Dimethyl (1,2-phenylenedicarbamothioyl)biscarbamate",C12H14N4O4S2,342.39,342.045647295,2.80543,N/A,0.00000545758,1.526,0.885,0.00000294442,241.883,243.278,0.519,0.00358096,N/A,N/A,N/A,N/A,N/A,0.000104954,1.69075E-11,5.6225,4.94349,264.844,1.6468E-10,0.287499,9.41844,1770.87,1.39975,167.42,N/A,N/A,7.12033E-8,0.000181055
MSMA,Expert Validated Synonym,DTXSID2025686,Monosodium methanearsonate,2163-80-6,DTXCID505686,JITOKQVGRJSHHA-UHFFFAOYSA-M,Sodium hydrogen methylarsonate,CH4AsNaO3,161.951,161.927408,N/A,N/A,N/A,N/A,N/A,N/A,N/A,N/A,N/A,N/A,N/A,N/A,N/A,N/A,N/A,N/A,N/A,N/A,N/A,N/A,N/A,N/A,N/A,N/A,N/A,N/A,N/A,N/A,N/A,N/A
MANCOZEB,Approved Name,DTXSID0034695,Mancozeb,8018-01-7,N/A,N/A,N/A,N/A,N/A,N/A,N/A,N/A,N/A,N/A,N/A,N/A,N/A,N/A,N/A,N/A,N/A,N/A,N/A,N/A,N/A,N/A,N/A,N/A,N/A,N/A,N/A,N/A,N/A,N/A,N/A,N/A,N/A,N/A,N/A,N/A
MANEB,Approved Name,DTXSID9020794,Maneb,12427-38-2,DTXCID70794,YKSNLCVSTHTHJA-UHFFFAOYSA-L,"[{2-[(Sulfanylcarbonothioyl)amino]ethyl}carbamodithioato(2-)-kappa~2~S,S']manganese (non-preferred name)",C4H6MnN2S4,265.28,264.879427,N/A,N/A,N/A,N/A,N/A,N/A,N/A,N/A,0.581,N/A,N/A,N/A,N/A,N/A,N/A,N/A,2.49621E-11,6.59369,23.6227,358.212,1.46302E-10,0.118048,7.93926,508.346,-2.70445,207.044,N/A,N/A,0.00000191741,0.772498
ZINC,Systematic Name - WARNING: Synonym mapped to two or more chemicals,DTXSID40920495,Zinc (II) cation,23713-49-7,DTXCID901349402,PTFCDOFLOPIGGS-UHFFFAOYSA-N,Zinc,Zn,65.38,63.928045,N/A,N/A,N/A,N/A,N/A,N/A,N/A,N/A,N/A,N/A,N/A,N/A,N/A,N/A,N/A,N/A,N/A,N/A,N/A,N/A,N/A,N/A,N/A,N/A,N/A,N/A,N/A,N/A,N/A,N/A
ZINC,Approved Name - WARNING: Synonym mapped to two or more chemicals,DTXSID7035012,Zinc,7440-66-6,DTXCID004384,HCHKCACWOHOZIP-UHFFFAOYSA-N,Zinc,Zn,65.38,63.929142,N/A,N/A,N/A,N/A,N/A,N/A,N/A,N/A,N/A,N/A,N/A,N/A,N/A,N/A,N/A,N/A,N/A,N/A,N/A,N/A,N/A,N/A,N/A,N/A,N/A,N/A,N/A,N/A,N/A,N/A
MCPA,Expert Validated Synonym,DTXSID4024195,2-(4-Chloro-2-methylphenoxy)acetic acid,94-74-6,DTXCID304195,WHKUVVPPKQRRBV-UHFFFAOYSA-N,(4-Chloro-2-methylphenoxy)acetic acid,C9H9ClO3,200.62,200.0240218,2.95801,307.8,0.00030903,1.352,0.691,0.000160694,157.923,118.111,0.056,0.00323594,41.803,145.262,0.000225424,13.3045,0.0000138038,0.00436516,1.17055E-11,3.64045,3.54139,286.714,7.04143E-9,0.110027,8.53099,53.719,3.24334,120.032,N/A,N/A,0.00000582008,0.00952118
IMIDACLOPRID,Approved Name,DTXSID5032442,Imidacloprid,138261-41-3,DTXCID3012442,YWTYJOPNNQFBPC-UHFFFAOYSA-N,N-{(2E)-1-[(6-Chloropyridin-3-yl)methyl]imidazolidin-2-ylidene}nitramide,C9H10ClN5O2,255.66,255.0523023,N/A,N/A,N/A,1.597,0.805,N/A,210.485,162.027,0.912,0.00121619,N/A,N/A,N/A,N/A,N/A,0.00205589,1.31284E-11,14.9739,3.54366,322.948,1.9275E-10,0.0983106,8.83353,114.092,0.573492,144.038,N/A,N/A,4.35961E-9,0.00237766
COPPER SULFATE,Approved Name,DTXSID6034479,Copper sulfate,7758-98-7,DTXCID4014479,ARUVKPQLZAKDPS-UHFFFAOYSA-L,Copper(2+) sulfate,CuO4S,159.6,158.881328,N/A,N/A,N/A,N/A,N/A,N/A,N/A,N/A,N/A,N/A,N/A,N/A,N/A,N/A,N/A,N/A,N/A,N/A,N/A,N/A,N/A,N/A,N/A,N/A,N/A,N/A,N/A,N/A,N/A,N/A
FLUTRIAFOL,Approved Name,DTXSID8040727,Flutriafol,76674-21-0,DTXCID6020727,JWUCHKBSVLQQCO-UHFFFAOYSA-N,"1-(2-Fluorophenyl)-1-(4-fluorophenyl)-2-(1H-1,2,4-triazol-1-yl)ethan-1-ol",C16H13F2N3O,301.297,301.102668377,72.778,389.51,0.0000363078,1.412,0.541,0.0000152757,244.451,119.283,0.701,0.00143219,N/A,N/A,N/A,N/A,2.64241E-8,0.0000521195,1.61065E-11,21.8752,3.54072,324.746,5.12372E-9,0.867538,10.4119,75.8068,2.29094,129.956,N/A,N/A,5.44058E-11,0.000394801
METCONAZOLE,Approved Name,DTXSID4034497,Metconazole,125116-23-6,DTXCID2014497,XWPZUHJBOLQNMN-UHFFFAOYSA-N,"5-[(4-Chlorophenyl)methyl]-2,2-dimethyl-1-[(1H-1,2,4-triazol-1-yl)methyl]cyclopentan-1-ol",C17H22ClN3O,319.83,319.14514,60.3949,367.193,0.0000309742,1.285,0.624,0.0000114288,262.323,115.409,0.742,0.00957194,N/A,N/A,N/A,N/A,1.84502E-8,0.0000561048,2.33241E-11,167.819,5.30793,319.225,5.75793E-8,1.70015,11.4045,1071,3.84953,111.454,N/A,N/A,9.26737E-8,0.0000669813
THIAMETHOXAM,Approved Name,DTXSID2034962,Thiamethoxam,153719-23-4,DTXCID0014962,NWWZPOKUUAIXIW-UHFFFAOYSA-N,"N-{3-[(2-Chloro-1,3-thiazol-5-yl)methyl]-5-methyl-1,3,5-oxadiazinan-4-ylidene}nitramide",C8H10ClN5O3S,291.71,291.0192881,N/A,N/A,N/A,1.808,1.036,N/A,215.815,145.746,0.998,0.00365595,N/A,N/A,N/A,N/A,N/A,0.00732825,1.38631E-11,16.0938,4.44664,278.447,2.33251E-8,1.12466,7.38,119.597,-0.119138,157.297,N/A,N/A,0.00000153881,0.01393
FLUTHIACET-METHYL,Approved Name,DTXSID2032556,Fluthiacet-methyl,117337-19-6,DTXCID80810407,ZCNQYNHDVRPZIH-UHFFFAOYSA-N,"Methyl ({2-chloro-4-fluoro-5-[(3-oxotetrahydro-1H,3H-[1,3,4]thiadiazolo[3,4-a]pyridazin-1-ylidene)amino]phenyl}sulfanyl)acetate",C15H15ClFN3O3S2,403.87,403.0227396,15.0314,N/A,0.0000097051,1.57,1.249,N/A,231.508,113.276,0.666,N/A,N/A,N/A,N/A,N/A,1.11173E-8,0.00000566239,2.68736E-11,36.8911,7.46533,349.624,1.2416E-9,2.36133,12.0021,1085.85,3.76629,106.047,N/A,N/A,3.32009E-9,0.00000209841
TEMBOTRIONE,Approved Name,DTXSID5047037,Tembotrione,335104-84-2,DTXCID3027037,IUQAXCIUEPFPSF-UHFFFAOYSA-N,"2-{2-Chloro-4-(methanesulfonyl)-3-[(2,2,2-trifluoroethoxy)methyl]benzoyl}cyclohexane-1,3-dione",C17H16ClF3O6S,440.81,440.0308216,5.98412,392.935,0.0000154882,1.543,0.752,0.00000184502,276.993,114.486,0.341,N/A,N/A,N/A,N/A,N/A,5.66239E-8,0.000044978,6.25541E-11,1.56205,3.54933,420.852,6.53569E-10,6.48822,11.5884,96.6012,1.92557,83.8428,N/A,N/A,3.11384E-8,0.0640127
FLUSILAZOLE,Approved Name,DTXSID3024235,Flusilazole,85509-19-9,DTXCID704235,FQKUGOMFVDPBIZ-UHFFFAOYSA-N,"1-{[Bis(4-fluorophenyl)(methyl)silyl]methyl}-1H-1,2,4-triazole",C16H15F2N3Si,315.399,315.100330356,123.027,360.109,N/A,1.294,0.117,N/A,228.873,97.085,N/A,N/A,N/A,N/A,N/A,N/A,1.77419E-7,N/A,1.61573E-11,63.8364,200.596,348.793,2.70159E-7,0.625172,8.52515,1657.38,3.70142,54.0469,N/A,N/A,2.9314E-7,0.000149013
PROTHIOCONAZOLE,Approved Name,DTXSID4034869,Prothioconazole,178928-70-6,DTXCID2014869,MNHVNIJQQRJYDH-UHFFFAOYSA-N,"2-[2-(1-Chlorocyclopropyl)-3-(2-chlorophenyl)-2-hydroxypropyl]-2,4-dihydro-3H-1,2,4-triazole-3-thione",C14H15Cl2N3OS,344.25,343.0312887,142.561,N/A,N/A,1.86,0.772,N/A,264.726,241.517,N/A,N/A,N/A,N/A,N/A,N/A,8.09096E-8,0.0000683912,2.87134E-11,100.775,35.2362,339.621,3.72675E-9,0.744877,9.173,628.42,2.12171,178.314,N/A,N/A,2.06448E-8,0.000867608
TRALOMETHRIN,Approved Name,DTXSID0024343,Tralomethrin,66841-25-6,DTXCID30209362,YWSCPYYRJXKUDB-UHFFFAOYSA-N,"Cyano(3-phenoxyphenyl)methyl 2,2-dimethyl-3-(1,2,2,2-tetrabromoethyl)cyclopropane-1-carboxylate",C22H19Br4NO3,665.014,660.809845,N/A,N/A,N/A,N/A,N/A,N/A,N/A,N/A,N/A,N/A,N/A,N/A,N/A,N/A,N/A,N/A,N/A,N/A,N/A,N/A,N/A,N/A,N/A,N/A,N/A,N/A,N/A,N/A,N/A,N/A
PHOSPHORIC ACID,Approved Name,DTXSID5024263,Phosphoric acid,7664-38-2,DTXCID804263,NBIIXXVUZAFLBC-UHFFFAOYSA-N,Phosphoric acid,H3O4P,97.994,97.976895575,N/A,N/A,N/A,N/A,N/A,N/A,N/A,N/A,N/A,N/A,N/A,N/A,N/A,N/A,N/A,N/A,N/A,N/A,N/A,N/A,N/A,N/A,N/A,N/A,N/A,N/A,N/A,N/A,N/A,N/A
THIENCARBAZONE-METHYL,Approved Name,DTXSID0058275,Thiencarbazone-methyl,317815-83-1,DTXCID3032094,XSKZXGDFSCCXQX-UHFFFAOYSA-N,"Methyl 4-[(3-methoxy-4-methyl-5-oxo-4,5-dihydro-1H-1,2,4-triazole-1-carbonyl)sulfamoyl]-5-methylthiophene-3-carboxylate",C12H14N4O7S2,390.39,390.030391155,0.547016,N/A,N/A,1.629,1.239,N/A,264.546,159.259,0.467,N/A,N/A,N/A,N/A,N/A,5.76766E-10,0.00125893,1.78414E-11,3.64865,4.74142,264.628,1.8172E-9,0.719301,10.5016,41.1183,-0.33311,151.483,N/A,N/A,2.64137E-8,0.00112314
HEXYTHIAZOX,Approved Name,DTXSID7024299,Hexythiazox,78587-05-0,DTXCID10196605,XGWIJUOSCAQSSV-XHDPSFHLSA-N,"(4S,5S)-5-(4-Chlorophenyl)-N-cyclohexyl-4-methyl-2-oxo-1,3-thiazolidine-3-carboxamide",C17H21ClN2O2S,352.88,352.1012268,41.4,N/A,0.00000511682,1.367,0.723,N/A,234.843,104.495,0.498,N/A,N/A,N/A,N/A,N/A,8.01678E-9,0.00000446684,1.38015E-11,144.804,35.0283,370.82,5.01031E-9,0.533748,10.3503,6153.81,2.90471,108.326,N/A,N/A,2.55642E-8,8.30358E-7
CYPROCONAZOLE,Approved Name,DTXSID0032601,Cyproconazole,94361-06-5,DTXCID8012601,UFNOUKDBUJZYDE-UHFFFAOYSA-N,"2-(4-Chlorophenyl)-3-cyclopropyl-1-(1H-1,2,4-triazol-1-yl)butan-2-ol",C15H18ClN3O,291.78,291.1138399,118.85,365.398,0.0000797995,1.293,0.584,6.19441E-7,239.329,107.833,0.664,0.00460257,N/A,N/A,N/A,N/A,5.24807E-8,0.000289734,1.66375E-11,43.1516,3.44831,321.422,5.47602E-10,3.97091,10.6582,182.12,2.90198,107.543,N/A,N/A,2.60598E-7,0.000429129
INDOXACARB,Approved Name,DTXSID1032690,Indoxacarb,173584-44-6,DTXCID9012690,VBCVPMMZEGZULK-NRFANRHFSA-N,"Methyl (4aS)-7-chloro-2-{(methoxycarbonyl)[4-(trifluoromethoxy)phenyl]carbamoyl}-2,5-dihydroindeno[1,2-e][1,3,4]oxadiazine-4a(3H)-carboxylate",C22H17ClF3N3O7,527.84,527.0707121,36.7282,N/A,8.3946E-8,1.618,1.1,1.10662E-7,314.755,163.757,0.589,0.00077983,N/A,N/A,N/A,N/A,8.99498E-11,0.00000210863,2.07586E-11,4.58268,5.69196,349.973,2.1634E-8,6.27325,11.6823,4317.56,4.64653,140.45,N/A,N/A,2.3547E-10,3.82816E-7
FLUOXASTROBIN,Approved Name,DTXSID2034625,Fluoxastrobin,361377-29-9,DTXCID0014625,UFEODZBUAFNAEU-NLRVBDNBSA-N,"(E)-1-(2-{[6-(2-Chlorophenoxy)-5-fluoropyrimidin-4-yl]oxy}phenyl)-1-(5,6-dihydro-1,4,2-dioxazin-3-yl)-N-methoxymethanimine",C21H16ClFN4O5,458.83,458.0793255,41.5911,N/A,0.00000206538,N/A,0.776,N/A,N/A,95.652,0.528,N/A,N/A,N/A,N/A,N/A,2.10863E-8,0.00000140281,1.33935E-11,346.403,4.25613,334.949,2.08987E-9,9.19494,11.6934,84917.5,4.0112,170.034,N/A,N/A,1.30376E-10,0.00000500952
SAFLUFENACIL,Approved Name,DTXSID9058072,Saflufenacil,372137-35-4,DTXCID5031840,GNHDVXLWBQYPJE-UHFFFAOYSA-N,"2-Chloro-4-fluoro-5-[3-methyl-2,6-dioxo-4-(trifluoromethyl)-3,6-dihydropyrimidin-1(2H)-yl]-N-[methyl(propan-2-yl)sulfamoyl]benzene-1-carboximidic acid",C17H17ClF4N4O5S,500.85,500.0544312,N/A,N/A,0.00000328095,N/A,1.265,N/A,N/A,149.203,N/A,N/A,N/A,N/A,N/A,N/A,1.27938E-8,0.00000125893,2.34256E-11,3.88685,5.6751,331.538,5.16354E-11,3.48887,10.3185,34.2677,2.00565,145.611,N/A,N/A,3.33719E-11,0.00415452
HARPIN PROTEIN,Searched by Synonym: Found 0 results,N/A,N/A,N/A,N/A,N/A,N/A,N/A,N/A,N/A,N/A,N/A,N/A,N/A,N/A,N/A,N/A,N/A,N/A,N/A,N/A,N/A,N/A,N/A,N/A,N/A,N/A,N/A,N/A,N/A,N/A,N/A,N/A,N/A,N/A,N/A,N/A,N/A,N/A,N/A
METALDEHYDE,Synonym - WARNING: Synonym mapped to two or more chemicals,DTXSID1034715,"2,4,6,8-Tetramethyl-1,3,5,7-tetroxocane",108-62-3,DTXCID9014715,GKKDCARASOJPNG-UHFFFAOYSA-N,"2,4,6,8-Tetramethyl-1,3,5,7-tetroxocane",C8H16O4,176.212,176.104858995,3.81066,170.06,0.000933254,0.979,0.753,0.0399025,42.378,-33.411,-0.064,0.00755092,28.51,125.372,N/A,1.70216,1.90108,0.108143,2.75901E-11,4.58003,6.15297,206.444,0.00000144248,0.561979,4.30687,238.756,0.122521,-8.23157,N/A,N/A,0.0629423,0.00119427
METALDEHYDE,Approved Name - WARNING: Synonym mapped to two or more chemicals,DTXSID80109343,Metaldehyde,37273-91-9,N/A,N/A,N/A,N/A,N/A,N/A,N/A,N/A,N/A,N/A,N/A,N/A,N/A,N/A,N/A,N/A,N/A,N/A,N/A,N/A,N/A,N/A,N/A,N/A,N/A,N/A,N/A,N/A,N/A,N/A,N/A,N/A,N/A,N/A,N/A,N/A
BACILLUS PUMILIS,Searched by Synonym: Found 0 results,N/A,N/A,N/A,N/A,N/A,N/A,N/A,N/A,N/A,N/A,N/A,N/A,N/A,N/A,N/A,N/A,N/A,N/A,N/A,N/A,N/A,N/A,N/A,N/A,N/A,N/A,N/A,N/A,N/A,N/A,N/A,N/A,N/A,N/A,N/A,N/A,N/A,N/A,N/A
BACILLUS SUBTILIS,Approved Name,DTXSID80897374,Bacillus subtilis,68038-70-0,N/A,N/A,N/A,N/A,N/A,N/A,N/A,N/A,N/A,N/A,N/A,N/A,N/A,N/A,N/A,N/A,N/A,N/A,N/A,N/A,N/A,N/A,N/A,N/A,N/A,N/A,N/A,N/A,N/A,N/A,N/A,N/A,N/A,N/A,N/A,N/A
DICROTOPHOS,Approved Name,DTXSID9023914,Dicrotophos,141-66-2,DTXCID003914,VEENJGZXVHKXNB-VOTSOKGWSA-N,(2E)-4-(Dimethylamino)-4-oxobut-2-en-2-yl dimethyl phosphate,C8H16NO5P,237.192,237.076609617,1.64437,299.282,1.50661E-7,1.149,0.694,0.000576766,140.784,1.814,0.421,0.0000299916,N/A,156.061,0.0047863,10.7895,0.000208449,0.0542001,2.7784E-11,0.922621,4.13853,309.891,5.04106E-11,0.310396,7.37958,45.6565,0.000299434,-16.0635,N/A,N/A,0.00015999,4.20595
SPINETORAM,Approved Name,DTXSID3058614,Spinetoram,935545-74-7,N/A,N/A,N/A,N/A,N/A,N/A,N/A,N/A,N/A,N/A,N/A,N/A,N/A,N/A,N/A,N/A,N/A,N/A,N/A,N/A,N/A,N/A,N/A,N/A,N/A,N/A,N/A,N/A,N/A,N/A,N/A,N/A,N/A,N/A,N/A,N/A
AMINOPYRALID,Expert Validated Synonym,DTXSID2034330,"4-Amino-3,6-dichloro-2-pyridinecarboxylic acid",150114-71-9,DTXCID0014330,NIXXQNOQHKNPEJ-UHFFFAOYSA-N,"4-Amino-3,6-dichloropyridine-2-carboxylic acid",C6H4Cl2N2O2,207.01,205.9649828,0.572796,317.922,0.000184502,1.658,0.304,0.000415911,187.65,202.96,0.538,0.0178649,N/A,N/A,0.00274157,N/A,6.53131E-7,0.01,8.31394E-12,3.6011,4.34076,296.199,9.60115E-10,0.150655,8.08971,52.4576,0.838951,219.903,N/A,N/A,5.94872E-10,0.0119722
TRICLOPYR,Approved Name,DTXSID0032497,Triclopyr,55335-06-3,DTXCID8012497,REEQLXCGVXDJSQ-UHFFFAOYSA-N,"[(3,5,6-Trichloropyridin-2-yl)oxy]acetic acid",C7H4Cl3NO3,256.46,254.9256761,6.223,325.714,0.000147231,1.651,0.559,0.0000668344,184.328,155.884,0.049,0.00272898,46.908,121.454,0.0000255859,31.1889,0.0000074131,0.00113501,5.68499E-12,3.14579,3.5412,307.122,1.33652E-9,0.280834,8.86682,46.9332,2.51575,149.026,N/A,N/A,0.00000126864,0.00449372
BENOMYL,Approved Name,DTXSID5023900,Benomyl,17804-35-2,DTXCID103900,RIOXQFHNBCKOKP-UHFFFAOYSA-N,Methyl [1-(butylcarbamoyl)-1H-benzimidazol-2-yl]carbamate,C14H18N4O3,290.323,290.137890456,4.7863,433.123,0.0000176604,1.374,1.021,0.00000526017,287.952,180.38,0.526,0.00582103,N/A,N/A,N/A,N/A,8.95365E-9,0.000446684,2.23276E-11,2.98032,4.6335,265.093,4.93573E-12,1.0565,9.16274,512.247,2.11888,192.959,N/A,N/A,3.6861E-9,0.000010671
CAPTAN,Approved Name,DTXSID9020243,Captan,133-06-2,DTXCID701520779,LDVVMCZRFWMZSG-OLQVQODUSA-N,"(3aR,7aS)-2-[(Trichloromethyl)sulfanyl]-3a,4,7,7a-tetrahydro-1H-isoindole-1,3(2H)-dione",C9H8Cl3NO2S,300.58,298.9341328,N/A,N/A,N/A,N/A,N/A,N/A,N/A,N/A,N/A,N/A,N/A,N/A,N/A,N/A,N/A,N/A,N/A,N/A,N/A,N/A,N/A,N/A,N/A,N/A,N/A,N/A,N/A,N/A,N/A,N/A
FENHEXAMID,Approved Name,DTXSID3032549,Fenhexamid,126833-17-8,DTXCID1012549,VDLGAVXLJYLFDH-UHFFFAOYSA-N,"N-(2,3-Dichloro-4-hydroxyphenyl)-1-methylcyclohexane-1-carboxamide",C14H17Cl2NO2,302.2,301.0636342,44.8745,413.678,0.00000809096,1.375,0.874,0.00000123595,223.926,168.026,0.396,0.00410204,N/A,150.175,0.00000763836,103.753,3.77572E-9,0.000018281,1.69837E-11,95.8645,6.36354,333.322,1.59158E-10,0.707635,9.2171,4716.54,3.51253,221.12,N/A,N/A,3.43814E-8,0.0000666403
ABAMECTIN,Synonym - WARNING: Synonym mapped to two or more chemicals,DTXSID9058238,Avermectin B1a,65195-55-3,DTXCID403892,RRZXIRBKKLTSOM-XPNPUAGNSA-N,"[2'S,2a(3)E,4E,5'S,6S,6'R,7S,8E,11R,15S,17aR,20R,20aR,20bS]-6'-[(2S)-Butan-2-yl]-20,20b-dihydroxy-5',6,8,19-tetramethyl-17-oxo-5',6,6',10,11,14,15,17,17a,20,20a,20b-dodecahydro-2H,7H-spiro[11,15-metha
nofuro[4,3,2-pq][2,6]benzodioxacyclooctadecine-13,2'-pyran]-7-yl 2,6-dideoxy-4-O-(2,6-dideoxy-3-O-methyl-alpha-L-arabino-hexopyranosyl)-3-O-methyl-alpha-L-arabino-hexopyranoside",C48H72O14,873.09,872.492206998,N/A,807.045,0.00000831764,1.322,N/A,N/A,424.685,137.093,0.376,0.000205116,N/A,N/A,N/A,N/A,N/A,0.00000347536,1.48712E-10,10.2966,17.9344,463.294,1.44476E-10,0.337832,9.61901,86965.6,2.70122,198.892,N/A,N/A,1.60965E-10,0.00000361467
ABAMECTIN,Approved Name - WARNING: Synonym mapped to two or more chemicals,DTXSID8023892,Abamectin,71751-41-2,N/A,N/A,N/A,N/A,N/A,N/A,N/A,N/A,N/A,N/A,N/A,N/A,N/A,N/A,N/A,N/A,N/A,N/A,N/A,N/A,N/A,N/A,N/A,N/A,N/A,N/A,N/A,N/A,N/A,N/A,N/A,N/A,N/A,N/A,N/A,N/A
FLUBENDIAMIDE,Approved Name,DTXSID4047672,Flubendiamide,272451-65-7,DTXCID2027672,ZGNITFSDLCMLGI-UHFFFAOYSA-N,"N~1~-[4-(1,1,1,2,3,3,3-Heptafluoropropan-2-yl)-2-methylphenyl]-3-iodo-N~2~-[1-(methanesulfonyl)-2-methylpropan-2-yl]benzene-1,2-dicarboxamide",C23H22F7IN2O4S,682.39,682.02332,43.1519,574.73,N/A,1.939,1.367,2.71019E-8,329.682,218.245,0.564,N/A,N/A,N/A,N/A,N/A,9.35406E-11,1.35831E-7,1.7621E-11,113.003,3.5462,456.509,1.42562E-10,1.54545,9.65353,255883,5.72169,203.146,N/A,N/A,3.28933E-10,4.27618E-8
FLUXAPYROXAD,Approved Name,DTXSID6058215,Fluxapyroxad,907204-31-3,DTXCID9031983,SXSGXWCSHSVPGB-UHFFFAOYSA-N,"3-(Difluoromethyl)-1-methyl-N-(3',4',5'-trifluoro[1,1'-biphenyl]-2-yl)-1H-pyrazole-4-carboxamide",C18H12F5N3O,381.306,381.090052833,35.7273,398.297,0.0000034914,1.465,0.819,7.07946E-8,266.832,110.927,0.547,0.000564937,N/A,N/A,N/A,N/A,6.53131E-9,0.00000142889,1.38035E-11,52.1597,3.54064,328.05,9.19558E-9,0.616643,10.6211,469.408,4.47519,169.305,N/A,N/A,1.18577E-9,0.00000910637
PYROXASULFONE,Approved Name,DTXSID4058104,Pyroxasulfone,447399-55-5,DTXCID7031872,CASLETQIYIQFTQ-UHFFFAOYSA-N,"3-{[5-(Difluoromethoxy)-1-methyl-3-(trifluoromethyl)-1H-pyrazol-4-yl]methanesulfonyl}-5,5-dimethyl-4,5-dihydro-1,2-oxazole",C12H14F5N3O4S,391.31,391.062517932,48.5289,N/A,0.0000263633,N/A,0.837,N/A,N/A,69.618,0.327,N/A,N/A,N/A,N/A,N/A,0.00000271019,0.0000559758,1.16565E-11,1.66914,5.15332,337.756,9.19297E-9,0.704436,7.25358,967.909,3.3179,73.4573,N/A,N/A,7.88184E-7,0.000326562
CHLORANTRANILIPROLE,Approved Name,DTXSID2044345,Chlorantraniliprole,500008-45-7,DTXCID0024345,PSOVNZZNOMJUBI-UHFFFAOYSA-N,3-Bromo-N-[4-chloro-2-methyl-6-(methylcarbamoyl)phenyl]-1-(3-chloropyridin-2-yl)-1H-pyrazole-5-carboxamide,C18H14BrCl2N5O2,483.15,480.970793,13.9316,549.538,0.00000537032,1.646,0.674,1.41579E-7,334.41,226.903,0.342,0.00528445,N/A,N/A,N/A,N/A,3.37287E-11,0.00000187499,1.67084E-11,116.802,4.79476,327.345,5.46873E-11,0.196498,9.68259,96.7159,3.59054,195.835,N/A,N/A,1.63776E-10,0.00000207831
ETOXAZOLE,Approved Name,DTXSID8034586,Etoxazole,153233-91-1,DTXCID6014586,IXSZQYVWNJNRAL-UHFFFAOYSA-N,"4-(4-tert-Butyl-2-ethoxyphenyl)-2-(2,6-difluorophenyl)-4,5-dihydro-1,3-oxazole",C21H23F2NO2,359.417,359.169685311,348.337,355.778,3.92645E-7,1.186,0.734,9.4189E-8,222.422,100.228,0.162,0.00251189,N/A,N/A,N/A,N/A,1.59956E-7,0.0000049204,1.73647E-11,2393.52,4.44981,365.38,5.91147E-7,0.987746,9.81979,1582.27,3.76241,101.456,N/A,N/A,1.64816E-8,2.03085E-7
HARPIN PROTEIN,Searched by Synonym: Found 0 results,N/A,N/A,N/A,N/A,N/A,N/A,N/A,N/A,N/A,N/A,N/A,N/A,N/A,N/A,N/A,N/A,N/A,N/A,N/A,N/A,N/A,N/A,N/A,N/A,N/A,N/A,N/A,N/A,N/A,N/A,N/A,N/A,N/A,N/A,N/A,N/A,N/A,N/A,N/A
PICOXYSTROBIN,Approved Name,DTXSID9047542,Picoxystrobin,117428-22-5,DTXCID7027542,IBSNKSODLGJUMQ-SDNWHVSQSA-N,Methyl (2E)-3-methoxy-2-[2-({[6-(trifluoromethyl)pyridin-2-yl]oxy}methyl)phenyl]prop-2-enoate,C18H16F3NO4,367.324,367.103142488,N/A,408.728,0.0000221309,1.279,0.909,0.00000180302,219.882,61.764,0.304,N/A,N/A,N/A,N/A,N/A,9.22571E-8,0.0000413047,1.67492E-11,61.6711,5.69468,354.896,3.89917E-9,0.383439,9.59017,878.748,3.70168,47.2841,N/A,N/A,4.67927E-7,0.0000085007
ALPHA-CYPERMETHRIN,Approved Name,DTXSID7041201,alpha-Cypermethrin,67375-30-8,DTXCID3065297,KAATUXNTWXVJKI-WSTZPKSXSA-N,"(R)-Cyano(3-phenoxyphenyl)methyl (1R*,3R*)-3-(2,2-dichloroethenyl)-2,2-dimethylcyclopropane-1-carboxylate",C22H19Cl2NO3,416.3,415.0741989,741.31,445.159,2.76694E-9,1.292,0.877,5.76766E-9,268.529,82.457,-0.004,0.00172982,N/A,N/A,N/A,N/A,1.1246E-9,6.26614E-8,3.41147E-11,338.97,3.35135,424.345,2.07474E-9,5.0024,11.7027,99845.4,6.59788,81.3899,N/A,N/A,3.06772E-9,3.57651E-8
FENPYROXIMATE,Approved Name,DTXSID7032557,Fenpyroximate,134098-61-6,DTXCID0012550,YYJNOYZRYGDPNH-MFKUBSTISA-N,"tert-Butyl 4-[({(E)-[(1,3-dimethyl-5-phenoxy-1H-pyrazol-4-yl)methylidene]amino}oxy)methyl]benzoate",C24H27N3O4,421.497,421.200156361,N/A,N/A,N/A,N/A,0.604,N/A,N/A,N/A,0.136,0.00064121,N/A,N/A,N/A,N/A,2.22844E-8,N/A,1.7413E-11,129.729,4.25601,353.084,8.15127E-8,3.56578,11.737,69821.1,5.00847,102.069,N/A,N/A,5.61295E-8,4.38199E-8
DIFENOCONAZOLE,Approved Name,DTXSID4032372,Difenoconazole,119446-68-3,DTXCID2012372,BQYJATMQXGBDHF-UHFFFAOYSA-N,"1-({2-[2-Chloro-4-(4-chlorophenoxy)phenyl]-4-methyl-1,3-dioxolan-2-yl}methyl)-1H-1,2,4-triazole",C19H17Cl2N3O3,406.26,405.0646968,148.936,413.931,0.0000110662,1.437,0.413,0.00000169434,274.113,110.169,0.467,0.00254683,N/A,N/A,N/A,N/A,1.74985E-9,0.0000140281,2.31739E-11,230.306,3.36235,335.579,0.00000493271,2.38939,11.7315,4020.3,4.29715,76.1053,N/A,N/A,2.52914E-10,0.0000367506
ASPERGILLUS FLAVUS,Searched by Synonym: Found 0 results,N/A,N/A,N/A,N/A,N/A,N/A,N/A,N/A,N/A,N/A,N/A,N/A,N/A,N/A,N/A,N/A,N/A,N/A,N/A,N/A,N/A,N/A,N/A,N/A,N/A,N/A,N/A,N/A,N/A,N/A,N/A,N/A,N/A,N/A,N/A,N/A,N/A,N/A,N/A
CALCIUM POLYSULFIDE,Approved Name,DTXSID7034414,Calcium polysulfide,1344-81-6,N/A,N/A,N/A,N/A,N/A,N/A,N/A,N/A,N/A,N/A,N/A,N/A,N/A,N/A,N/A,N/A,N/A,N/A,N/A,N/A,N/A,N/A,N/A,N/A,N/A,N/A,N/A,N/A,N/A,N/A,N/A,N/A,N/A,N/A,N/A,N/A
PETROLEUM OIL,Synonym - WARNING: Synonym mapped to two or more chemicals,DTXSID3028219,"Distillates, petroleum, hydrotreated heavy paraffinic",64742-54-7,N/A,N/A,N/A,N/A,N/A,N/A,N/A,N/A,N/A,N/A,N/A,N/A,N/A,N/A,N/A,N/A,N/A,N/A,N/A,N/A,N/A,N/A,N/A,N/A,N/A,N/A,N/A,N/A,N/A,N/A,N/A,N/A,N/A,N/A,N/A,N/A
PETROLEUM OIL,Synonym - WARNING: Synonym mapped to two or more chemicals,DTXSID3027669,Petroleum,8002-05-9,N/A,N/A,N/A,N/A,N/A,N/A,N/A,N/A,N/A,N/A,N/A,N/A,N/A,N/A,N/A,N/A,N/A,N/A,N/A,N/A,N/A,N/A,N/A,N/A,N/A,N/A,N/A,N/A,N/A,N/A,N/A,N/A,N/A,N/A,N/A,N/A
BIFENAZATE,Approved Name,DTXSID5032525,Bifenazate,149877-41-8,DTXCID3012525,VHLKTXFWDRXILV-UHFFFAOYSA-N,"Propan-2-yl 2-(4-methoxy[1,1'-biphenyl]-3-yl)hydrazine-1-carboxylate",C17H20N2O3,300.358,300.147392512,36.6438,378.503,0.00000897429,1.188,0.615,0.0000057544,190.087,143.155,0.751,0.00659174,N/A,N/A,0.00000952796,N/A,5.29663E-8,0.0000263633,1.70067E-11,46.4627,3.53994,306.757,7.13473E-10,0.215005,9.23541,1746.67,3.16535,122.032,N/A,N/A,7.43676E-8,0.00000933241
CLOTHIANIDIN,Approved Name,DTXSID2034465,Clothianidin,210880-92-5,DTXCID0014465,PGOOBECODWQEAB-UHFFFAOYSA-N,"N-[(2-Chloro-1,3-thiazol-5-yl)methyl]-N'-methyl-N''-nitroguanidine",C6H8ClN5O2S,249.67,249.0087234,N/A,N/A,N/A,1.698,0.597,N/A,204.141,154.339,0.998,0.00239332,N/A,N/A,N/A,N/A,N/A,0.00200447,1.04065E-11,14.1743,3.55227,326.576,1.87473E-9,0.23457,8.06805,6.41952,0.701681,187.451,N/A,N/A,1.62319E-7,0.00135043
COPPER HYDROXIDE,Approved Name - WARNING: Synonym mapped to two or more chemicals,DTXSID601028144,Copper hydroxide,12125-21-2,DTXCID501513726,ZMHWUUMELDFBCZ-UHFFFAOYSA-M,N/A,CuHO,80.553,79.932338,N/A,N/A,N/A,N/A,N/A,N/A,N/A,N/A,N/A,N/A,N/A,N/A,N/A,N/A,N/A,N/A,N/A,N/A,N/A,N/A,N/A,N/A,N/A,N/A,N/A,N/A,N/A,N/A,N/A,N/A
COPPER HYDROXIDE,Expert Validated Synonym - WARNING: Synonym mapped to two or more chemicals,DTXSID6034473,Copper hydroxide (Cu(OH)2),20427-59-2,DTXCID4014473,JJLJMEJHUUYSSY-UHFFFAOYSA-L,Copper(2+) dihydroxide,CuH2O2,97.56,96.935077,N/A,N/A,N/A,N/A,N/A,N/A,N/A,N/A,N/A,N/A,N/A,N/A,N/A,N/A,N/A,N/A,N/A,N/A,N/A,N/A,N/A,N/A,N/A,N/A,N/A,N/A,N/A,N/A,N/A,N/A
COPPER OXYCHLORIDE,Expert Validated Synonym,DTXSID6034475,Dicopper chloride trihydroxide,1332-65-6,DTXCID4014475,SKQUUKNCBWILCD-UHFFFAOYSA-J,Copper(2+) chloride hydroxide (2/1/3),ClCu2H3O3,213.56,211.836268,N/A,N/A,N/A,N/A,N/A,N/A,N/A,N/A,N/A,N/A,N/A,N/A,N/A,N/A,N/A,N/A,N/A,N/A,N/A,N/A,N/A,N/A,N/A,N/A,N/A,N/A,N/A,N/A,N/A,N/A
BICYCLOPYRONE,Approved Name,DTXSID5058064,Bicyclopyrone,352010-68-5,DTXCID1031832,HUYBEDCQLAEVPD-UHFFFAOYSA-N,4-Hydroxy-3-{2-[(2-methoxyethoxy)methyl]-6-(trifluoromethyl)pyridine-3-carbonyl}bicyclo[3.2.1]oct-3-en-2-one,C19H20F3NO5,399.366,399.129357237,15.0661,457.968,0.0000413047,1.485,0.867,0.00000189671,299.67,114.922,0.434,N/A,N/A,N/A,N/A,N/A,7.8343E-9,0.0000453942,3.34483E-11,5.57327,4.46726,372.827,4.01561E-9,5.56167,10.2605,40.3223,1.82624,99.6243,N/A,N/A,1.42752E-8,0.000801623
BOSCALID,Approved Name,DTXSID6034392,Boscalid,188425-85-6,DTXCID4014392,WYEMLYFITZORAB-UHFFFAOYSA-N,"2-Chloro-N-(4'-chloro[1,1'-biphenyl]-2-yl)pyridine-3-carboxamide",C18H12Cl2N2O,343.21,342.0326684,107.152,446.25,0.00000319154,1.396,0.762,4.14954E-7,258.832,178.222,0.516,0.00933254,N/A,N/A,0.00000907821,N/A,1.03514E-8,0.0000055335,1.05639E-11,776.497,5.99313,396.779,2.67358E-9,1.41339,10.3441,1557.27,2.96055,177.632,N/A,N/A,1.17391E-9,0.0000105569
FLUAZINAM,Approved Name,DTXSID7032551,Fluazinam,79622-59-6,DTXCID5012551,UZCGKGPEKUCDTF-UHFFFAOYSA-N,"3-Chloro-N-[3-chloro-2,6-dinitro-4-(trifluoromethyl)phenyl]-5-(trifluoromethyl)pyridin-2-amine",C13H4Cl2F6N4O4,465.09,463.951379,116.681,409.837,0.00000376704,1.83,1.161,2.5527E-8,192.211,133.515,0.345,0.0000995405,N/A,N/A,N/A,N/A,7.4131E-9,0.00000231206,9.23844E-12,887296,4.6544,345.899,1.57861E-11,0.809563,10.7549,2031.62,4.00975,113.013,N/A,N/A,9.04397E-11,0.00000104164
REYNOUTRIA SACHALINENSIS,Searched by Synonym: Found 0 results,N/A,N/A,N/A,N/A,N/A,N/A,N/A,N/A,N/A,N/A,N/A,N/A,N/A,N/A,N/A,N/A,N/A,N/A,N/A,N/A,N/A,N/A,N/A,N/A,N/A,N/A,N/A,N/A,N/A,N/A,N/A,N/A,N/A,N/A,N/A,N/A,N/A,N/A,N/A
FLUPYRADIFURONE,Approved Name,DTXSID10872811,Flupyradifurone,951659-40-8,DTXCID60820387,QOIYTRGFOFZNKF-UHFFFAOYSA-N,"4-{[(6-Chloropyridin-3-yl)methyl](2,2-difluoroethyl)amino}furan-2(5H)-one",C12H11ClF2N2O2,288.68,288.0477116,N/A,N/A,N/A,N/A,N/A,N/A,N/A,N/A,N/A,N/A,N/A,N/A,N/A,N/A,N/A,N/A,1.44807E-11,26.6011,4.87517,331.049,6.81868E-10,0.80153,8.6083,326.765,1.11119,109.755,N/A,N/A,0.00000130109,0.00117045
SULFOXAFLOR,Approved Name,DTXSID0074687,Sulfoxaflor,946578-00-3,DTXCID4048935,ZVQOOHYFBIDMTQ-UHFFFAOYSA-N,[Methyl(oxo){1-[6-(trifluoromethyl)pyridin-3-yl]ethyl}-lambda~6~-sulfanylidene]cyanamide,C10H10F3N3OS,277.27,277.049667617,N/A,N/A,N/A,N/A,0.915,N/A,N/A,N/A,N/A,N/A,N/A,N/A,N/A,N/A,N/A,N/A,1.06854E-11,3.81745,3.54491,313.78,5.59009E-8,0.233435,5.72351,389.619,2.44773,125.183,N/A,N/A,0.0115686,0.0169983
BENZOVINDIFLUPYR,Approved Name,DTXSID8057930,Benzovindiflupyr,1072957-71-1,DTXCID9031698,CCCGEKHKTPTUHJ-UHFFFAOYSA-N,"N-[9-(Dichloromethylidene)-1,2,3,4-tetrahydro-1,4-methanonaphthalen-5-yl]-3-(difluoromethyl)-1-methyl-1H-pyrazole-4-carboxamide",C18H15Cl2F2N3O,398.23,397.0560238,71.4496,426.611,0.00000635331,1.491,0.872,1.24738E-8,268.709,134.15,0.192,0.00130317,N/A,N/A,N/A,N/A,1.88799E-10,0.00000415911,1.13918E-10,281.602,7.43772,360.577,7.24933E-11,0.735039,10.5138,1436.77,3.65987,175.232,N/A,N/A,2.32579E-9,0.0000883757
PIPERONYL BUTOXIDE,Approved Name,DTXSID1021166,Piperonyl butoxide,51-03-6,DTXCID501166,FIPWRIJSWJWJAI-UHFFFAOYSA-N,"5-{[2-(2-Butoxyethoxy)ethoxy]methyl}-6-propyl-2H-1,3-benzodioxole",C19H30O5,338.444,338.209324066,18.55,393.28,0.0000213796,1.07,0.43,0.0000371535,184.87,51.66,0.08,0.0074131,16.3,147.13,0.0000057544,21.8776,7.07946E-7,0.0000724436,1.67071E-11,126.718,4.73111,324.413,0.00000224443,4.19104,10.9118,10456.6,4.74542,34.3548,N/A,N/A,8.62437E-8,0.0000424338
BACILLUS AMYLOLIQUEFACIEN,Searched by Synonym: Found 0 results,N/A,N/A,N/A,N/A,N/A,N/A,N/A,N/A,N/A,N/A,N/A,N/A,N/A,N/A,N/A,N/A,N/A,N/A,N/A,N/A,N/A,N/A,N/A,N/A,N/A,N/A,N/A,N/A,N/A,N/A,N/A,N/A,N/A,N/A,N/A,N/A,N/A,N/A,N/A
PENTHIOPYRAD,Approved Name,DTXSID6058005,Penthiopyrad,183675-82-3,DTXCID9031773,PFFIDZXUXFLSSR-UHFFFAOYSA-N,1-Methyl-N-[2-(4-methylpentan-2-yl)thiophen-3-yl]-3-(trifluoromethyl)-1H-pyrazole-4-carboxamide,C16H20F3N3OS,359.41,359.127917939,112.202,393.22,0.0000223357,1.329,0.833,N/A,215.398,112.87,0.274,N/A,N/A,N/A,N/A,N/A,1.08643E-7,0.0000118577,1.3387E-11,24.5916,3.54425,340.095,1.77324E-9,0.407953,10.9181,667.192,4.48994,121.979,N/A,N/A,0.00000126407,0.0000209236
ACETAMIPRID,Approved Name,DTXSID0034300,Acetamiprid,135410-20-7,DTXCID7032422,WCXDHFDTOYPNIE-RIYZIHGNSA-N,(1E)-N-[(6-Chloropyridin-3-yl)methyl]-N'-cyano-N-methylethanimidamide,C10H11ClN4,222.68,222.0672241,N/A,N/A,0.0000381944,1.063,0.6,N/A,109.396,91.56,0.819,0.00283139,N/A,N/A,N/A,N/A,N/A,0.0494311,8.45362E-12,14.029,4.64121,314.331,3.39935E-9,0.798824,6.87615,120.043,1.83414,98.921,N/A,N/A,0.0000919567,0.0169313
HALAUXIFEN,Expert Validated Synonym,DTXSID10241447,4-Amino-3-chloro-6-(4-chloro-2-fluoro-3-methoxyphenyl)-2-pyridinecarboxylic acid,943832-60-8,DTXCID10163938,KKLBEFSLWYDQFI-UHFFFAOYSA-N,4-Amino-3-chloro-6-(4-chloro-2-fluoro-3-methoxyphenyl)pyridine-2-carboxylic acid,C13H9Cl2FN2O3,331.12,329.9974257,32.5087,427.275,0.0000042462,1.607,0.918,0.00000381944,308.721,212.168,0.319,0.00608135,N/A,N/A,0.0000236048,N/A,4.9204E-9,0.0000128529,1.37248E-11,4.54898,4.35124,339.165,8.38816E-9,0.704988,9.28487,946.244,2.55976,195.847,N/A,N/A,2.27357E-10,0.000266777
CYFLUMETOFEN,Approved Name,DTXSID8058089,Cyflumetofen,400882-07-7,DTXCID4031857,AWSZRJQNBMEZOI-UHFFFAOYSA-N,2-Methoxyethyl 2-(4-tert-butylphenyl)-2-cyano-3-oxo-3-[2-(trifluoromethyl)phenyl]propanoate,C24H24F3NO4,447.454,447.165742746,208.93,440.888,1.04472E-7,1.239,0.973,7.34514E-8,255.789,75.77,0.405,0.000261818,N/A,N/A,N/A,N/A,1.6293E-8,0.00000265461,1.3847E-11,44.8761,4.45301,399.789,3.86783E-9,7.84836,11.7556,104334,5.29692,74.3686,N/A,N/A,8.48928E-9,6.32485E-8
POLYHEDROSIS VIRUS,Searched by Synonym: Found 0 results,N/A,N/A,N/A,N/A,N/A,N/A,N/A,N/A,N/A,N/A,N/A,N/A,N/A,N/A,N/A,N/A,N/A,N/A,N/A,N/A,N/A,N/A,N/A,N/A,N/A,N/A,N/A,N/A,N/A,N/A,N/A,N/A,N/A,N/A,N/A,N/A,N/A,N/A,N/A
MEFENTRIFLUCONAZOLE,Approved Name,DTXSID40894945,Mefentrifluconazole,1417782-03-6,DTXCID701324509,JERZEQUMJNCPRJ-UHFFFAOYSA-N,"2-[4-(4-Chlorophenoxy)-2-(trifluoromethyl)phenyl]-1-(1H-1,2,4-triazol-1-yl)propan-2-ol",C18H15ClF3N3O2,397.78,397.0804889,N/A,N/A,N/A,N/A,N/A,N/A,N/A,N/A,N/A,N/A,N/A,N/A,N/A,N/A,N/A,N/A,1.7393E-11,121.967,3.54046,328.001,9.45659E-10,0.429491,10.9786,507.115,2.81267,102.434,N/A,N/A,1.33663E-8,0.00000320738
PYDIFLUMETOFEN,Approved Name,DTXSID60894826,Pydiflumetofen,1228284-64-7,DTXCID901324393,DGOAXBPOVUPPEB-UHFFFAOYSA-N,"3-(Difluoromethyl)-N-methoxy-1-methyl-N-[1-(2,4,6-trichlorophenyl)propan-2-yl]-1H-pyrazole-4-carboxamide",C16H16Cl3F2N3O2,426.67,425.0276162,N/A,N/A,N/A,N/A,N/A,N/A,N/A,N/A,N/A,N/A,N/A,N/A,N/A,N/A,N/A,N/A,1.38034E-11,665.934,3.54722,350.599,7.7987E-9,2.78746,10.3249,2524.57,4.00061,65.3089,N/A,N/A,5.57919E-7,0.00000612281
TOLPYRALATE,Approved Name,DTXSID10894199,Tolpyralate,1101132-67-5,DTXCID801324245,GHLCSCRDVVEUQD-UHFFFAOYSA-N,1-({1-Ethyl-4-[4-(methanesulfonyl)-3-(2-methoxyethoxy)-2-methylbenzoyl]-1H-pyrazol-5-yl}oxy)ethyl methyl carbonate,C21H28N2O9S,484.52,484.151551664,N/A,N/A,N/A,N/A,N/A,N/A,N/A,N/A,N/A,N/A,N/A,N/A,N/A,N/A,N/A,N/A,1.76003E-11,1.88505,5.68035,400.4,2.22928E-9,11.033,11.6905,268.859,3.15428,34.18,N/A,N/A,9.93984E-10,0.000325232
BIXAFEN,Approved Name,DTXSID6058134,Bixafen,581809-46-3,DTXCID2031902,LDLMOOXUCMHBMZ-UHFFFAOYSA-N,"N-(3',4'-Dichloro-5-fluoro[1,1'-biphenyl]-2-yl)-3-(difluoromethyl)-1-methyl-1H-pyrazole-4-carboximidic acid",C18H12Cl2F3N3O,414.21,413.0309519,151.008,433.166,0.00000452898,1.491,0.82,1.47571E-8,285.752,133.232,0.191,0.000594292,N/A,N/A,N/A,N/A,6.93426E-10,8.47227E-7,1.38064E-11,194.422,3.5423,344.901,2.92434E-10,0.483227,10.7478,549.023,4.39661,174.128,N/A,N/A,4.26507E-9,0.00000117155
AFIDOPYROPEN,Approved Name,DTXSID00896889,Afidopyropen,915972-17-7,DTXCID001326342,LRZWFURXIMFONG-HRSIRGMGSA-N,"[(3S,4R,4aR,6S,6aS,12R,12aS,12bS)-3-[(Cyclopropanecarbonyl)oxy]-6,12-dihydroxy-4,6a,12b-trimethyl-11-oxo-9-(pyridin-3-yl)-1,3,4,4a,5,6,6a,12,12a,12b-decahydro-2H,11H-naphtho[2,1-b]pyrano[3,4-e]pyran-4
-yl]methyl cyclopropanecarboxylate",C33H39NO9,593.673,593.26248184,N/A,N/A,N/A,N/A,N/A,N/A,N/A,N/A,N/A,N/A,N/A,N/A,N/A,N/A,N/A,N/A,1.04394E-10,5.04733,147.553,462.064,8.73519E-11,0.336473,9.72728,85845.4,1.43454,201.905,N/A,N/A,1.28469E-10,0.0000327309
FLUOPYRAM,Approved Name,DTXSID9058151,Fluopyram,658066-35-4,DTXCID1031919,KVDJTXBXMWJJEF-UHFFFAOYSA-N,N-{2-[3-Chloro-5-(trifluoromethyl)pyridin-2-yl]ethyl}-2-(trifluoromethyl)benzamide,C16H11ClF6N2O,396.72,396.0464097,152.757,360.836,0.0000065013,1.474,1.022,6.01174E-7,208.146,92.096,0.234,0.00137088,N/A,N/A,N/A,N/A,5.34564E-7,0.0000251768,1.3925E-11,125.214,3.5426,320.957,1.23278E-8,0.487784,9.77878,193.226,4.32771,132.444,N/A,N/A,2.16397E-8,0.0000379656
NOVALURON,Approved Name,DTXSID5034773,Novaluron,116714-46-6,DTXCID3014773,NJPPVKZQTLUDBO-UHFFFAOYSA-N,"N-({3-Chloro-4-[1,1,2-trifluoro-2-(trifluoromethoxy)ethoxy]phenyl}carbamoyl)-2,6-difluorobenzamide",C17H9ClF8N2O4,492.71,492.0123098,20.1372,463.449,0.00000277332,1.763,1.072,6.42688E-8,335.115,176.827,0.378,0.000736207,N/A,N/A,N/A,N/A,6.26614E-9,6.47143E-8,1.38322E-11,63.1745,4.4669,240.91,1.12229E-11,1.9208,9.47356,12638.2,5.2698,177.52,N/A,N/A,7.06392E-10,4.11771E-8
