Type,ai,cas.number,Koc,logKow,ToxDataInput,ObsRespMean,ToxUnit
Fungicide,ASPERGILLUS FLAVUS,NA,NA,NA,NA,NA,NA
Fungicide,AZOXYSTROBIN,131860338,5514.34,2.50285,AdultContact.LD50,200,AI ug/org
Fungicide,AZOXYSTROBIN,131860338,5514.34,2.50285,AdultOral.LD50,200,AI ug/org
Fungicide,BACILLUS AMYLOLIQUEFACIEN,NA,NA,NA,NA,NA,NA
Fungicide,BACILLUS PUMILIS,NA,NA,NA,NA,NA,NA
Fungicide,BACILLUS SUBTILIS,68038700,NA,NA,NA,NA,NA
Fungicide,BENOMYL,17804352,512.247,2.11888,AdultContact.LD50,120.86,ug/bee
Fungicide,BENZOVINDIFLUPYR,1072957711,1436.77,3.65987,AdultContact.LD50,100,AI ug/org
Fungicide,BENZOVINDIFLUPYR,1072957711,1436.77,3.65987,AdultOral.LD50,109,AI ug/org
Fungicide,BENZOVINDIFLUPYR,1072957711,1436.77,3.65987,LarvaOral.LD50,5.38,AI ug/org/d
Fungicide,BENZOVINDIFLUPYR,1072957711,1436.77,3.65987,LarvaOral.NOEL,5.38,AI ug/org/d
Fungicide,BENZOVINDIFLUPYR,1072957711,1436.77,3.65987,LarvaOral.NOEL,5.38,AI ug/org/d
Fungicide,BENZOVINDIFLUPYR,1072957711,1436.77,3.65987,LarvaOral.NOEL,5.38,AI ug/org/d
Fungicide,BIXAFEN,581809463,549.023,4.39661,AdultContact.LD50,100,AI ug/org
Fungicide,BIXAFEN,581809463,549.023,4.39661,AdultOral.LD50,121.4,AI ug/org
Fungicide,BIXAFEN,581809463,549.023,4.39661,AdultOral.NOEL,8.26,AI ug/org/d
Fungicide,BIXAFEN,581809463,549.023,4.39661,AdultOral.NOEL,17.3,AI ug/org/d
Fungicide,BIXAFEN,581809463,549.023,4.39661,LarvaOral.LD50,100,AI ug/org
Fungicide,BOSCALID,188425856,1557.27,2.96055,AdultContact.LD50,200,AI ug/org
Fungicide,BOSCALID,188425856,1557.27,2.96055,AdultOral.LD50,166,AI ug/org
Fungicide,BOSCALID,188425856,1557.27,2.96055,AdultOral.NOEL,166,AI ug/org
Fungicide,BOSCALID,188425856,1557.27,2.96055,LarvaOral.LD50,11,AI ug/org/d
Fungicide,BOSCALID,188425856,1557.27,2.96055,LarvaOral.NOEL,11,AI ug/org/d
Fungicide,BOSCALID,188425856,1557.27,2.96055,LarvaOral.NOEL,11,AI ug/org/d
Fungicide,BOSCALID,188425856,1557.27,2.96055,LarvaOral.NOEL,11,AI ug/org/d
Fungicide,CALCIUM POLYSULFIDE,1344816,NA,NA,AdultContact.LD50,25,AI ug/org
Fungicide,CAPTAN,133062,NA,NA,AdultContact.LD50,215,ug/bee
Fungicide,CAPTAN,133062,NA,NA,AdultOral.LD50,107,AI ug/org
Fungicide,CAPTAN,133062,NA,NA,LarvaOral.LD50,6,AI ug/org/d
Fungicide,CHLOROTHALONIL,1897456,1820.27,2.97569,AdultContact.LD50,181.29,ug/bee
Fungicide,COPPER HYDROXIDE,12125212,NA,NA,NA,NA,NA
Fungicide,COPPER HYDROXIDE,20427592,NA,NA,NA,NA,NA
Fungicide,COPPER OXYCHLORIDE,1332656,NA,NA,NA,NA,NA
Fungicide,COPPER SULFATE,7758987,NA,NA,NA,NA,NA
Fungicide,CYPROCONAZOLE,94361065,182.12,2.90198,AdultContact.LD50,100,AI ug/org
Fungicide,CYPROCONAZOLE,94361065,182.12,2.90198,AdultContact.LD50,100,AI ug/org
Fungicide,CYPROCONAZOLE,94361065,182.12,2.90198,AdultOral.LD50,100,AI ug/org
Fungicide,CYPROCONAZOLE,94361065,182.12,2.90198,AdultOral.NOEL,0.42,AI ug/org/d
Fungicide,CYPROCONAZOLE,94361065,182.12,2.90198,AdultOral.NOEL,4.31,AI ug/org/d
Fungicide,CYPROCONAZOLE,94361065,182.12,2.90198,LarvaOral.LD50,11.2,AI ug/org/d
Fungicide,CYPROCONAZOLE,94361065,182.12,2.90198,LarvaOral.LD50,14.8,AI ug/org/d
Fungicide,CYPROCONAZOLE,94361065,182.12,2.90198,LarvaOral.NOEL,9.6,AI ug/org/d
Fungicide,CYPROCONAZOLE,94361065,182.12,2.90198,LarvaOral.NOEL,9.6,AI ug/org/d
Fungicide,CYPROCONAZOLE,94361065,182.12,2.90198,LarvaOral.NOEL,8.79,AI ug/org/d
Fungicide,CYPROCONAZOLE,94361065,182.12,2.90198,LarvaOral.NOEL,9.6,AI ug/org/d
Fungicide,DIFENOCONAZOLE,119446683,4020.3,4.29715,AdultContact.LD50,100,AI ug/org
Fungicide,DIFENOCONAZOLE,119446683,4020.3,4.29715,AdultOral.NOEL,13,AI ug/org/d
Fungicide,DIFENOCONAZOLE,119446683,4020.3,4.29715,AdultOral.NOEL,21.3,AI ug/org/d
Fungicide,DIFENOCONAZOLE,119446683,4020.3,4.29715,AdultOral.NOEL,10.6,AI ug/org/d
Fungicide,DIFENOCONAZOLE,119446683,4020.3,4.29715,AdultOral.NOEL,13,AI ug/org/d
Fungicide,DIFENOCONAZOLE,119446683,4020.3,4.29715,LarvaOral.LD50,1.79,AI ug/org/d
Fungicide,DIFENOCONAZOLE,119446683,4020.3,4.29715,LarvaOral.LD50,20.9,AI ug/org/d
Fungicide,DIFENOCONAZOLE,119446683,4020.3,4.29715,LarvaOral.NOEL,9.28,AI ug/org/d
Fungicide,DIFENOCONAZOLE,119446683,4020.3,4.29715,LarvaOral.NOEL,1.31,AI ug/org/d
Fungicide,DIFENOCONAZOLE,119446683,4020.3,4.29715,LarvaOral.NOEL,9.28,AI ug/org/d
Fungicide,DIFENOCONAZOLE,119446683,4020.3,4.29715,LarvaOral.NOEL,9.28,AI ug/org/d
Fungicide,FENHEXAMID,126833178,4716.54,3.51253,AdultContact.LD50,0.215,AI ug/org
Fungicide,FENHEXAMID,126833178,4716.54,3.51253,AdultOral.LD50,100,AI ug/org
Fungicide,FENHEXAMID,126833178,4716.54,3.51253,LarvaOral.LD50,79,AI ug/org/d
Fungicide,FENHEXAMID,126833178,4716.54,3.51253,LarvaOral.NOEL,79,AI ug/org/d
Fungicide,FENHEXAMID,126833178,4716.54,3.51253,LarvaOral.NOEL,79,AI ug/org/d
Fungicide,FENHEXAMID,126833178,4716.54,3.51253,LarvaOral.NOEL,79,AI ug/org/d
Fungicide,FENHEXAMID,126833178,4716.54,3.51253,LarvaOral.NOEL,9.8,AI ug/org/d
Fungicide,FENHEXAMID,126833178,4716.54,3.51253,LarvaOral.NOEL,9.8,AI ug/org/d
Fungicide,FENTIN,668348,NA,NA,NA,NA,NA
Fungicide,FLUAZINAM,79622596,2031.62,4.00975,NA,NA,NA
Fungicide,FLUOPYRAM,658066354,193.226,4.32771,AdultContact.LD50,100,AI ug/org
Fungicide,FLUOPYRAM,658066354,193.226,4.32771,AdultContact.LD50,100,AI ug/org
Fungicide,FLUOPYRAM,658066354,193.226,4.32771,AdultContact.LD50,100,AI ug/org
Fungicide,FLUOPYRAM,658066354,193.226,4.32771,AdultOral.LD50,110.3,AI ug/org
Fungicide,FLUOPYRAM,658066354,193.226,4.32771,AdultOral.LD50,107.1,AI ug/org
Fungicide,FLUOPYRAM,658066354,193.226,4.32771,AdultOral.LD50,92.5,AI ug/org
Fungicide,FLUOPYRAM,658066354,193.226,4.32771,AdultOral.NOEL,46.6,AI ug/org/d
Fungicide,FLUOPYRAM,658066354,193.226,4.32771,AdultOral.NOEL,80.6,AI ug/org/d
Fungicide,FLUOPYRAM,658066354,193.226,4.32771,LarvaOral.LD50,60,AI ug/org
Fungicide,FLUOXASTROBIN,361377299,84917.5,4.0112,AdultContact.LD50,200,AI ug/org
Fungicide,FLUOXASTROBIN,361377299,84917.5,4.0112,AdultOral.LD50,843.3,AI ug/org
Fungicide,FLUOXASTROBIN,361377299,84917.5,4.0112,AdultOral.NOEL,12.4,AI ug/org/d
Fungicide,FLUOXASTROBIN,361377299,84917.5,4.0112,AdultOral.NOEL,843.3,AI ug/org
Fungicide,FLUOXASTROBIN,361377299,84917.5,4.0112,AdultOral.NOEL,39.2,AI ug/org/d
Fungicide,FLUOXASTROBIN,361377299,84917.5,4.0112,LarvaOral.LD50,80,AI ug/org
Fungicide,FLUOXASTROBIN,361377299,84917.5,4.0112,LarvaOral.LD50,25,AI ug/org/d
Fungicide,FLUOXASTROBIN,361377299,84917.5,4.0112,LarvaOral.NOEL,4.4,AI ug/org/d
Fungicide,FLUOXASTROBIN,361377299,84917.5,4.0112,LarvaOral.NOEL,4.4,AI ug/org/d
Fungicide,FLUOXASTROBIN,361377299,84917.5,4.0112,LarvaOral.NOEL,4.4,AI ug/org/d
Fungicide,FLUSILAZOLE,85509199,1657.38,3.70142,NA,NA,NA
Fungicide,FLUTRIAFOL,76674210,75.8068,2.29094,AdultContact.LD50,50,AI ug/org
Fungicide,FLUTRIAFOL,76674210,75.8068,2.29094,AdultContact.LD50,198,ug/bee
Fungicide,FLUTRIAFOL,76674210,75.8068,2.29094,AdultContact.LD50,10.5,AI ug/org
Fungicide,FLUTRIAFOL,76674210,75.8068,2.29094,AdultContact.LD50,52.5,AI ug/org
Fungicide,FLUTRIAFOL,76674210,75.8068,2.29094,AdultOral.LD50,50,ug/org
Fungicide,FLUTRIAFOL,76674210,75.8068,2.29094,AdultOral.LD50,198,ug/bee
Fungicide,FLUTRIAFOL,76674210,75.8068,2.29094,AdultOral.LD50,47,ug/org
Fungicide,FLUTRIAFOL,76674210,75.8068,2.29094,AdultOral.LD50,2,AI ug/org
Fungicide,FLUTRIAFOL,76674210,75.8068,2.29094,AdultOral.NOEL,20,ug/org
Fungicide,FLUTRIAFOL,76674210,75.8068,2.29094,AdultOral.NOEL,20,ug/org
Fungicide,FLUXAPYROXAD,907204313,469.408,4.47519,NA,NA,NA
Fungicide,HARPIN PROTEIN,NA,NA,NA,NA,NA,NA
Fungicide,HARPIN PROTEIN,NA,NA,NA,NA,NA,NA
Fungicide,MANCOZEB,8018017,NA,NA,NA,NA,NA
Fungicide,MANEB,12427382,508.346,-2.70445,AdultContact.LD50,12.09,ug/bee
Fungicide,MEFENOXAM,70630170,37.2169,1.65024,AdultContact.LD50,25,AI ug/org
Fungicide,MEFENTRIFLUCONAZOLE,1417782036,507.115,2.81267,AdultContact.LD50,100,AI ug/org
Fungicide,MEFENTRIFLUCONAZOLE,1417782036,507.115,2.81267,AdultContact.LD50,100,AI ug/org
Fungicide,MEFENTRIFLUCONAZOLE,1417782036,507.115,2.81267,AdultContact.LD50,30,AI ug/org
Fungicide,MEFENTRIFLUCONAZOLE,1417782036,507.115,2.81267,AdultContact.LD50,200,AI ug/org
Fungicide,MEFENTRIFLUCONAZOLE,1417782036,507.115,2.81267,AdultOral.LD50,100,AI ug/org
Fungicide,MEFENTRIFLUCONAZOLE,1417782036,507.115,2.81267,AdultOral.LD50,100,AI ug/org
Fungicide,MEFENTRIFLUCONAZOLE,1417782036,507.115,2.81267,AdultOral.LD50,52,AI ug/org
Fungicide,MEFENTRIFLUCONAZOLE,1417782036,507.115,2.81267,AdultOral.LD50,195.4,AI ug/org
Fungicide,MEFENTRIFLUCONAZOLE,1417782036,507.115,2.81267,AdultOral.NOEL,110.5,AI ug/org/d
Fungicide,MEFENTRIFLUCONAZOLE,1417782036,507.115,2.81267,AdultOral.NOEL,110.5,AI ug/org/d
Fungicide,MEFENTRIFLUCONAZOLE,1417782036,507.115,2.81267,LarvaOral.LD50,47.6,AI ug/org
Fungicide,MEFENTRIFLUCONAZOLE,1417782036,507.115,2.81267,LarvaOral.LD50,11,AI ug/org/d
Fungicide,MEFENTRIFLUCONAZOLE,1417782036,507.115,2.81267,LarvaOral.NOEL,6.4,AI ug/org/d
Fungicide,MEFENTRIFLUCONAZOLE,1417782036,507.115,2.81267,LarvaOral.NOEL,6.4,AI ug/org/d
Fungicide,MEFENTRIFLUCONAZOLE,1417782036,507.115,2.81267,LarvaOral.NOEL,11,AI ug/org/d
Fungicide,METCONAZOLE,125116236,1071,3.84953,AdultContact.LD50,95.3,AI ug/org
Fungicide,METCONAZOLE,125116236,1071,3.84953,AdultOral.LD50,88,AI ug/org
Fungicide,METCONAZOLE,125116236,1071,3.84953,AdultOral.NOEL,5.43,AI ug/org/d
Fungicide,METCONAZOLE,125116236,1071,3.84953,AdultOral.NOEL,5.43,AI ug/org/d
Fungicide,METCONAZOLE,125116236,1071,3.84953,AdultOral.NOEL,11,AI ug/org
Fungicide,METCONAZOLE,125116236,1071,3.84953,LarvaOral.LD50,101,AI ug/org/d
Fungicide,METCONAZOLE,125116236,1071,3.84953,LarvaOral.LD50,21,AI ug/org/d
Fungicide,METCONAZOLE,125116236,1071,3.84953,LarvaOral.NOEL,2.9,AI ug/org/d
Fungicide,METCONAZOLE,125116236,1071,3.84953,LarvaOral.NOEL,2.9,AI ug/org/d
Fungicide,METCONAZOLE,125116236,1071,3.84953,LarvaOral.NOEL,2.9,AI ug/org/d
Fungicide,MYCLOBUTANIL,88671890,501.959,2.9395,AdultContact.LD50,500,AI ug/org
Fungicide,MYCLOBUTANIL,88671890,501.959,2.9395,AdultOral.LD50,500,AI ug/org
Fungicide,MYCLOBUTANIL,88671890,501.959,2.9395,AdultOral.NOEL,0.8119,AI ug/org/d
Fungicide,MYCLOBUTANIL,88671890,501.959,2.9395,LarvaOral.LD50,14.2,AI ug/org/d
Fungicide,MYCLOBUTANIL,88671890,501.959,2.9395,LarvaOral.NOEL,14.2,AI ug/org/d
Fungicide,MYCLOBUTANIL,88671890,501.959,2.9395,LarvaOral.NOEL,6.08,AI ug/org/d
Fungicide,MYCLOBUTANIL,88671890,501.959,2.9395,LarvaOral.NOEL,2.55,AI ug/org/d
Fungicide,MYCLOBUTANIL,88671890,501.959,2.9395,LarvaOral.NOEL,6.08,AI ug/org/d
Fungicide,PENTHIOPYRAD,183675823,667.192,4.48994,AdultContact.LD50,500,AI ug/org
Fungicide,PENTHIOPYRAD,183675823,667.192,4.48994,AdultContact.LD50,23.49,AI ug/org
Fungicide,PENTHIOPYRAD,183675823,667.192,4.48994,AdultContact.LD50,30.94,AI ug/org
Fungicide,PENTHIOPYRAD,183675823,667.192,4.48994,AdultContact.LD50,100,AI ug/org
Fungicide,PENTHIOPYRAD,183675823,667.192,4.48994,AdultOral.LD50,56.7,AI ug/org
Fungicide,PENTHIOPYRAD,183675823,667.192,4.48994,AdultOral.LD50,50.68,AI ug/org
Fungicide,PENTHIOPYRAD,183675823,667.192,4.48994,AdultOral.LD50,107.21,AI ug/org
Fungicide,PENTHIOPYRAD,183675823,667.192,4.48994,AdultOral.NOEL,6.63,AI ug/org
Fungicide,PENTHIOPYRAD,183675823,667.192,4.48994,AdultOral.NOEL,6.63,AI ug/org
Fungicide,PENTHIOPYRAD,183675823,667.192,4.48994,AdultOral.NOEL,107.21,AI ug/org
Fungicide,PETROLEUM OIL,64742547,NA,NA,NA,NA,NA
Fungicide,PETROLEUM OIL,8002059,NA,NA,NA,NA,NA
Fungicide,PHOSPHORIC ACID,7664382,NA,NA,NA,NA,NA
Fungicide,PICOXYSTROBIN,117428225,878.748,3.70168,AdultContact.LD50,200,AI ug/org
Fungicide,PICOXYSTROBIN,117428225,878.748,3.70168,AdultContact.LD50,200,AI ug/org
Fungicide,PICOXYSTROBIN,117428225,878.748,3.70168,AdultOral.LD50,200,AI ug/org
Fungicide,PICOXYSTROBIN,117428225,878.748,3.70168,AdultOral.NOEL,200,AI ug/org
Fungicide,PICOXYSTROBIN,117428225,878.748,3.70168,AdultOral.NOEL,5.15,AI ug/org/d
Fungicide,PICOXYSTROBIN,117428225,878.748,3.70168,AdultOral.NOEL,5.15,AI ug/org/d
Fungicide,PICOXYSTROBIN,117428225,878.748,3.70168,LarvaOral.LD50,7.83,AI ug/org
Fungicide,PROPICONAZOLE,60207901,2451.91,3.71704,AdultContact.LD50,25,AI ug/org
Fungicide,PROPICONAZOLE,60207901,2451.91,3.71704,LarvaOral.LD50,34,AI ug/org/d
Fungicide,PROPICONAZOLE,60207901,2451.91,3.71704,LarvaOral.LD50,13.5,ae ug/org/d
Fungicide,PROPICONAZOLE,60207901,2451.91,3.71704,LarvaOral.NOEL,2.6,AI ug/org/d
Fungicide,PROPICONAZOLE,60207901,2451.91,3.71704,LarvaOral.NOEL,12,AI ug/org/d
Fungicide,PROPICONAZOLE,60207901,2451.91,3.71704,LarvaOral.NOEL,4,AI ug/org/d
Fungicide,PROPICONAZOLE,60207901,2451.91,3.71704,LarvaOral.NOEL,12,AI ug/org/d
Fungicide,PROTHIOCONAZOLE,178928706,628.42,2.12171,AdultContact.LD50,200,ug/bee
Fungicide,PROTHIOCONAZOLE,178928706,628.42,2.12171,AdultContact.LD50,200,AI ug/org
Fungicide,PROTHIOCONAZOLE,178928706,628.42,2.12171,AdultContact.LD50,100,AI ug/org
Fungicide,PROTHIOCONAZOLE,178928706,628.42,2.12171,AdultOral.LD50,71,AI ug/org
Fungicide,PROTHIOCONAZOLE,178928706,628.42,2.12171,AdultOral.LD50,232,ug/bee
Fungicide,PROTHIOCONAZOLE,178928706,628.42,2.12171,AdultOral.NOEL,3.19,AI ug/org/d
Fungicide,PROTHIOCONAZOLE,178928706,628.42,2.12171,AdultOral.NOEL,71,AI ug/org
Fungicide,PROTHIOCONAZOLE,178928706,628.42,2.12171,AdultOral.NOEL,8.95,AI ug/org/d
Fungicide,PROTHIOCONAZOLE,178928706,628.42,2.12171,AdultOral.NOEL,8.95,AI ug/org/d
Fungicide,PROTHIOCONAZOLE,178928706,628.42,2.12171,AdultOral.NOEL,26.1,AI ug/org/d
Fungicide,PROTHIOCONAZOLE,178928706,628.42,2.12171,AdultOral.NOEL,232,ug/bee
Fungicide,PROTHIOCONAZOLE,178928706,628.42,2.12171,LarvaOral.LD50,5.2,AI ug/org/d
Fungicide,PROTHIOCONAZOLE,178928706,628.42,2.12171,LarvaOral.LD50,58,AI ug/org/d
Fungicide,PROTHIOCONAZOLE,178928706,628.42,2.12171,LarvaOral.NOEL,5.2,AI ug/org/d
Fungicide,PROTHIOCONAZOLE,178928706,628.42,2.12171,LarvaOral.NOEL,2,AI ug/org/d
Fungicide,PROTHIOCONAZOLE,178928706,628.42,2.12171,LarvaOral.NOEL,5.2,AI ug/org/d
Fungicide,PYDIFLUMETOFEN,1228284647,2524.57,4.00061,AdultContact.LD50,100,AI ug/org
Fungicide,PYDIFLUMETOFEN,1228284647,2524.57,4.00061,AdultOral.LD50,116,AI ug/org
Fungicide,PYDIFLUMETOFEN,1228284647,2524.57,4.00061,AdultOral.NOEL,141,AI ug/org/d
Fungicide,PYDIFLUMETOFEN,1228284647,2524.57,4.00061,LarvaOral.LD50,7.6,AI ug/org/d
Fungicide,PYDIFLUMETOFEN,1228284647,2524.57,4.00061,LarvaOral.LD50,0.0035,AI ug/org/d
Fungicide,PYDIFLUMETOFEN,1228284647,2524.57,4.00061,LarvaOral.NOEL,0.0035,AI ug/org/d
Fungicide,PYDIFLUMETOFEN,1228284647,2524.57,4.00061,LarvaOral.NOEL,0.046,AI ug/org/d
Fungicide,PYDIFLUMETOFEN,1228284647,2524.57,4.00061,LarvaOral.NOEL,0.0035,AI ug/org/d
Fungicide,PYDIFLUMETOFEN,1228284647,2524.57,4.00061,LarvaOral.NOEL,0.41,AI ug/org/d
Fungicide,PYDIFLUMETOFEN,1228284647,2524.57,4.00061,LarvaOral.NOEL,0.0035,AI ug/org/d
Fungicide,PYDIFLUMETOFEN,1228284647,2524.57,4.00061,LarvaOral.NOEL,0.016,AI ug/org/d
Fungicide,PYDIFLUMETOFEN,1228284647,2524.57,4.00061,LarvaOral.NOEL,0.016,AI ug/org/d
Fungicide,PYDIFLUMETOFEN,1228284647,2524.57,4.00061,LarvaOral.NOEL,0.0035,AI ug/org/d
Fungicide,PYRACLOSTROBIN,175013180,1622.29,3.98987,AdultContact.LD50,100,AI ug/org
Fungicide,PYRACLOSTROBIN,175013180,1622.29,3.98987,AdultContact.LD50,100,AI ug/org
Fungicide,PYRACLOSTROBIN,175013180,1622.29,3.98987,AdultOral.LD50,110,AI ug/org
Fungicide,PYRACLOSTROBIN,175013180,1622.29,3.98987,AdultOral.NOEL,0.8,AI ug/org/d
Fungicide,PYRACLOSTROBIN,175013180,1622.29,3.98987,AdultOral.NOEL,1,AI ug/org/d
Fungicide,PYRACLOSTROBIN,175013180,1622.29,3.98987,AdultOral.NOEL,4.89,AI ug/org/d
Fungicide,PYRACLOSTROBIN,175013180,1622.29,3.98987,AdultOral.NOEL,4.89,AI ug/org/d
Fungicide,PYRACLOSTROBIN,175013180,1622.29,3.98987,LarvaOral.LD50,4.8,AI ug/org/d
Fungicide,PYRACLOSTROBIN,175013180,1622.29,3.98987,LarvaOral.NOEL,2.9,AI ug/org/d
Fungicide,PYRACLOSTROBIN,175013180,1622.29,3.98987,LarvaOral.NOEL,2.9,AI ug/org/d
Fungicide,PYRACLOSTROBIN,175013180,1622.29,3.98987,LarvaOral.NOEL,2.9,AI ug/org/d
Fungicide,REYNOUTRIA SACHALINENSIS,NA,NA,NA,NA,NA,NA
Fungicide,SULFUR,7704349,NA,NA,AdultContact.LD50,1051,ug/bee
Fungicide,SULFUR,7704349,NA,NA,AdultContact.LD50,1051,ug/bee
Fungicide,SULFUR,7704349,NA,NA,AdultContact.LD50,1051,ug/bee
Fungicide,SULFUR,7704349,NA,NA,AdultContact.LD50,1051,ug/bee
Fungicide,TEBUCONAZOLE,107534963,994.153,3.69972,LarvaOral.LD50,7.9,AI ug/org/d
Fungicide,TEBUCONAZOLE,107534963,994.153,3.69972,LarvaOral.LD50,4.7,AI ug/org/d
Fungicide,TEBUCONAZOLE,107534963,994.153,3.69972,LarvaOral.NOEL,1.67,AI ug/org/d
Fungicide,TEBUCONAZOLE,107534963,994.153,3.69972,LarvaOral.NOEL,1.67,AI ug/org/d
Fungicide,TEBUCONAZOLE,107534963,994.153,3.69972,LarvaOral.NOEL,1.67,AI ug/org/d
Fungicide,TEBUCONAZOLE,107534963,994.153,3.69972,LarvaOral.NOEL,4.7,AI ug/org/d
Fungicide,TEBUCONAZOLE,107534963,994.153,3.69972,LarvaOral.NOEL,4.7,AI ug/org/d
Fungicide,TEBUCONAZOLE,107534963,994.153,3.69972,LarvaOral.NOEL,4.7,AI ug/org/d
Fungicide,TETRACONAZOLE,112281773,748.422,3.55959,AdultOral.NOEL,0.21,AI ug/org/d
Fungicide,TETRACONAZOLE,112281773,748.422,3.55959,AdultOral.NOEL,0.36,AI ug/org/d
Fungicide,TETRACONAZOLE,112281773,748.422,3.55959,LarvaOral.LD50,76,AI ug/org/d
Fungicide,TETRACONAZOLE,112281773,748.422,3.55959,LarvaOral.LD50,28.3,AI ug/org/d
Fungicide,TETRACONAZOLE,112281773,748.422,3.55959,LarvaOral.NOEL,1.63,AI ug/org/d
Fungicide,TETRACONAZOLE,112281773,748.422,3.55959,LarvaOral.NOEL,28.3,AI ug/org/d
Fungicide,TETRACONAZOLE,112281773,748.422,3.55959,LarvaOral.NOEL,32,AI ug/org/d
Fungicide,TETRACONAZOLE,112281773,748.422,3.55959,LarvaOral.NOEL,1.63,AI ug/org/d
Fungicide,THIOPHANATE-METHYL,23564058,1770.87,1.39975,AdultContact.LD50,100,AI ug/org
Fungicide,THIOPHANATE-METHYL,23564058,1770.87,1.39975,AdultOral.LD50,114.68,AI ug/org
Fungicide,THIOPHANATE-METHYL,23564058,1770.87,1.39975,AdultOral.LD50,88,AI ug/org
Fungicide,THIOPHANATE-METHYL,23564058,1770.87,1.39975,AdultOral.NOEL,6.5,AI ug/org/d
Fungicide,THIOPHANATE-METHYL,23564058,1770.87,1.39975,AdultOral.NOEL,47.29,AI ug/org/d
Fungicide,THIOPHANATE-METHYL,23564058,1770.87,1.39975,LarvaOral.LD50,4.16,AI ug/org/d
Fungicide,THIOPHANATE-METHYL,23564058,1770.87,1.39975,LarvaOral.LD50,52,AI ug/org/d
Fungicide,THIOPHANATE-METHYL,23564058,1770.87,1.39975,LarvaOral.NOEL,4.16,AI ug/org/d
Fungicide,THIOPHANATE-METHYL,23564058,1770.87,1.39975,LarvaOral.NOEL,4.16,AI ug/org/d
Fungicide,THIOPHANATE-METHYL,23564058,1770.87,1.39975,LarvaOral.NOEL,4.16,AI ug/org/d
Fungicide,TRIFLOXYSTROBIN,141517217,NA,NA,AdultContact.LD50,200,AI ug/org
Fungicide,TRIFLOXYSTROBIN,141517217,NA,NA,AdultOral.LD50,200,AI ug/org
Fungicide,TRIFLOXYSTROBIN,141517217,NA,NA,AdultOral.NOEL,200,AI ug/org
Fungicide,ZINC,23713497,NA,NA,NA,NA,NA
Fungicide,ZINC,7440666,NA,NA,NA,NA,NA
Herbicide,"2,4-D",94757,45.9586,2.80925,AdultContact.LD50,18.13,ug/bee
Herbicide,"2,4-D",94757,45.9586,2.80925,LarvaOral.LD50,6,AI ug/org/d
Herbicide,"2,4-D",94757,45.9586,2.80925,LarvaOral.NOEL,3.25,AI ug/org/d
Herbicide,"2,4-D",94757,45.9586,2.80925,LarvaOral.NOEL,3.25,AI ug/org/d
Herbicide,"2,4-D",94757,45.9586,2.80925,LarvaOral.NOEL,3.25,AI ug/org/d
Herbicide,"2,4-D",94757,45.9586,2.80925,LarvaOral.NOEL,3.25,AI ug/org/d
Herbicide,"2,4-D",94757,45.9586,2.80925,LarvaOral.NOEL,6.5,AI ug/org/d
Herbicide,"2,4-DB",94826,280.599,3.52802,NA,NA,NA
Herbicide,ACETOCHLOR,34256821,209.152,3.03176,AdultContact.LD50,200,AI ug/org
Herbicide,ACETOCHLOR,34256821,209.152,3.03176,AdultContact.LD50,200,AI ug/org
Herbicide,ACETOCHLOR,34256821,209.152,3.03176,AdultOral.LD50,100,AI ug/org
Herbicide,ACETOCHLOR,34256821,209.152,3.03176,LarvaOral.LD50,21.8,AI ug/org/d
Herbicide,ACETOCHLOR,34256821,209.152,3.03176,LarvaOral.LD50,26.5,AI ug/org
Herbicide,ACETOCHLOR,34256821,209.152,3.03176,LarvaOral.LD50,11.8,AI ug/org/d
Herbicide,ACETOCHLOR,34256821,209.152,3.03176,LarvaOral.NOEL,6.43,AI ug/org/d
Herbicide,ACETOCHLOR,34256821,209.152,3.03176,LarvaOral.NOEL,4.65,AI ug/org/d
Herbicide,ACETOCHLOR,34256821,209.152,3.03176,LarvaOral.NOEL,4.65,AI ug/org/d
Herbicide,ACETOCHLOR,34256821,209.152,3.03176,LarvaOral.NOEL,25.8,AI ug/org/d
Herbicide,ACETOCHLOR,34256821,209.152,3.03176,LarvaOral.NOEL,4.65,AI ug/org/d
Herbicide,ACETOCHLOR,34256821,209.152,3.03176,LarvaOral.NOEL,6.43,AI ug/org/d
Herbicide,ACETOCHLOR,34256821,209.152,3.03176,LarvaOral.NOEL,6.43,AI ug/org/d
Herbicide,ACIFLUORFEN,50594666,113.208,3.70059,NA,NA,NA
Herbicide,ALACHLOR,15972608,190.919,3.51767,AdultContact.LD50,36.26,ug/bee
Herbicide,AMETRYN,834128,389.067,2.9793,AdultContact.LD50,100,AI ug/org
Herbicide,AMETRYN,834128,389.067,2.9793,AdultContact.LD50,96.69,ug/bee
Herbicide,AMINOPYRALID,150114719,52.4576,0.838951,AdultContact.LD50,100,AI ug/org
Herbicide,ATRAZINE,1912249,173.852,2.61148,AdultContact.LD50,96.69,ug/bee
Herbicide,BENTAZONE,25057890,33.9068,2.33723,NA,NA,NA
Herbicide,BICYCLOPYRONE,352010685,40.3223,1.82624,AdultContact.LD50,197,AI ug/org
Herbicide,BICYCLOPYRONE,352010685,40.3223,1.82624,AdultContact.LD50,200,AI ug/org
Herbicide,BICYCLOPYRONE,352010685,40.3223,1.82624,AdultOral.LD50,195.2,AI ug/org
Herbicide,BICYCLOPYRONE,352010685,40.3223,1.82624,AdultOral.LD50,212.2,AI ug/org
Herbicide,BICYCLOPYRONE,352010685,40.3223,1.82624,AdultOral.NOEL,212.2,AI ug/org
Herbicide,BICYCLOPYRONE,352010685,40.3223,1.82624,AdultOral.NOEL,22,AI ug/org/d
Herbicide,BICYCLOPYRONE,352010685,40.3223,1.82624,AdultOral.NOEL,22,AI ug/org/d
Herbicide,BICYCLOPYRONE,352010685,40.3223,1.82624,LarvaOral.LD50,100,AI ug/org
Herbicide,BICYCLOPYRONE,352010685,40.3223,1.82624,LarvaOral.LD50,11.4,AI ug/org/d
Herbicide,BICYCLOPYRONE,352010685,40.3223,1.82624,LarvaOral.NOEL,6.84,AI ug/org/d
Herbicide,BICYCLOPYRONE,352010685,40.3223,1.82624,LarvaOral.NOEL,6.84,AI ug/org/d
Herbicide,BROMOXYNIL,1689845,469.167,2.62501,AdultContact.LD50,159,AI ug/org
Herbicide,BROMOXYNIL,1689845,469.167,2.62501,AdultContact.LD50,14.5,ug/bee
Herbicide,BROMOXYNIL,1689845,469.167,2.62501,AdultOral.LD50,3.3,AI ug/org
Herbicide,BROMOXYNIL,1689845,469.167,2.62501,AdultOral.NOEL,5.74,AI ug/org/d
Herbicide,BROMOXYNIL,1689845,469.167,2.62501,AdultOral.NOEL,3.5,AI ug/org/d
Herbicide,BROMOXYNIL,1689845,469.167,2.62501,AdultOral.NOEL,27.9,AI ug/org/d
Herbicide,BROMOXYNIL,1689845,469.167,2.62501,AdultOral.NOEL,3.5,AI ug/org/d
Herbicide,BUTYLATE,2008415,129.18,4.14868,AdultContact.LD50,26.01,ug/bee
Herbicide,CARFENTRAZONE-ETHYL,128639021,1193.19,3.36057,AdultContact.LD50,27.9,AI ug/org
Herbicide,CARFENTRAZONE-ETHYL,128639021,1193.19,3.36057,AdultOral.LD50,200,AI ug/org
Herbicide,CARFENTRAZONE-ETHYL,128639021,1193.19,3.36057,AdultOral.NOEL,200,AI ug/org
Herbicide,CHLORIMURON,99283008,51.3846,1.42202,NA,NA,NA
Herbicide,CHLORSULFURON,64902723,154.781,1.99948,AdultContact.LD50,25,AI ug/org
Herbicide,CLETHODIM,99129212,NA,NA,NA,NA,NA
Herbicide,CLOMAZONE,81777891,276.031,2.49791,AdultContact.LD50,100,AI ug/org
Herbicide,CLOMAZONE,81777891,276.031,2.49791,AdultOral.LD50,85.29,AI ug/org
Herbicide,CLOPYRALID,1702176,36.3208,1.06176,AdultOral.NOEL,71.69,AI ug/org/d
Herbicide,CLOPYRALID,1702176,36.3208,1.06176,AdultOral.NOEL,71.69,AI ug/org/d
Herbicide,CLOPYRALID,1702176,36.3208,1.06176,AdultOral.NOEL,71.69,AI ug/org/d
Herbicide,CLOPYRALID,1702176,36.3208,1.06176,LarvaOral.LD50,25.8,AI ug/org/d
Herbicide,CLOPYRALID,1702176,36.3208,1.06176,LarvaOral.NOEL,25.8,AI ug/org/d
Herbicide,CLOPYRALID,1702176,36.3208,1.06176,LarvaOral.NOEL,25.8,AI ug/org/d
Herbicide,CLOPYRALID,1702176,36.3208,1.06176,LarvaOral.NOEL,25.8,AI ug/org/d
Herbicide,CLOPYRALID,1702176,36.3208,1.06176,LarvaOral.NOEL,25.8,AI ug/org/d
Herbicide,CLORANSULAM-METHYL,147150354,43.2871,1.63923,AdultContact.LD50,25,AI ug/org
Herbicide,CYANAZINE,21725462,190.846,2.22077,NA,NA,NA
Herbicide,DICAMBA,1918009,31.7015,2.21198,AdultContact.LD50,90.65,ug/bee
Herbicide,DICAMBA,1918009,31.7015,2.21198,LarvaOral.LD50,21,AI ug/org/d
Herbicide,DICAMBA,1918009,31.7015,2.21198,LarvaOral.NOEL,21,AI ug/org/d
Herbicide,DICAMBA,1918009,31.7015,2.21198,LarvaOral.NOEL,5.1,AI ug/org/d
Herbicide,DICAMBA,1918009,31.7015,2.21198,LarvaOral.NOEL,5.1,AI ug/org/d
Herbicide,DIFLUFENZOPYR,1957168023,NA,NA,NA,NA,NA
Herbicide,DIFLUFENZOPYR,109293972,588.49,2.50686,AdultContact.LD50,25,AI ug/org
Herbicide,DIMETHENAMID,87674688,236.886,2.14996,AdultContact.LD50,94,AI ug/org
Herbicide,DIMETHENAMID,87674688,236.886,2.14996,AdultOral.LD50,94,AI ug/org
Herbicide,DIMETHENAMID,87674688,236.886,2.14996,AdultOral.NOEL,2.455,AI ug/org/d
Herbicide,DIMETHENAMID,87674688,236.886,2.14996,AdultOral.NOEL,2.455,AI ug/org/d
Herbicide,DIMETHENAMID,87674688,236.886,2.14996,LarvaOral.LD50,25,AI ug/org/d
Herbicide,DIMETHENAMID,87674688,236.886,2.14996,LarvaOral.LD50,53,AI ug/org
Herbicide,DIMETHENAMID,87674688,236.886,2.14996,LarvaOral.NOEL,6.3,AI ug/org/d
Herbicide,DIMETHENAMID,87674688,236.886,2.14996,LarvaOral.NOEL,13,AI ug/org/d
Herbicide,DIMETHENAMID,87674688,236.886,2.14996,LarvaOral.NOEL,13,AI ug/org/d
Herbicide,DIMETHENAMID-P,163515148,236.886,2.14996,NA,NA,NA
Herbicide,DIMETHYLARSINIC ACID,15132044,NA,NA,NA,NA,NA
Herbicide,DIMETHYLARSINIC ACID,75605,NA,NA,AdultContact.LD50,157.12,ug/bee
Herbicide,DIURON,330541,250.231,2.6782,AdultContact.LD50,145.03,ug/bee
Herbicide,DIURON,330541,250.231,2.6782,AdultContact.LD50,145.03,ug/bee
Herbicide,EPTC,759944,239.641,3.2102,AdultContact.LD50,12.09,ug/bee
Herbicide,EPTC,759944,239.641,3.2102,AdultContact.LD50,72.5,AI ug/org
Herbicide,EPTC,759944,239.641,3.2102,LarvaOral.LD50,11,AI ug/org
Herbicide,ETHALFLURALIN,55283686,3992.48,5.11043,AdultOral.LD50,97,AI ug/org
Herbicide,FENOXAPROP,95617097,1354.88,3.56424,NA,NA,NA
Herbicide,FLUAZIFOP,69335917,724.103,3.18152,NA,NA,NA
Herbicide,FLUFENACET,142459583,1766.01,3.19999,AdultContact.LD50,193.8,AI ug/org
Herbicide,FLUFENACET,142459583,1766.01,3.19999,AdultContact.LD50,400,AI ug/org
Herbicide,FLUFENACET,142459583,1766.01,3.19999,AdultContact.LD50,25,AI ug/org
Herbicide,FLUFENACET,142459583,1766.01,3.19999,AdultContact.LD50,100,AI ug/org
Herbicide,FLUFENACET,142459583,1766.01,3.19999,AdultContact.LD50,100,AI ug/org
Herbicide,FLUFENACET,142459583,1766.01,3.19999,AdultOral.LD50,109.2,AI ug/org
Herbicide,FLUFENACET,142459583,1766.01,3.19999,AdultOral.LD50,340.4,AI ug/org
Herbicide,FLUFENACET,142459583,1766.01,3.19999,AdultOral.LD50,170.12,AI ug/org
Herbicide,FLUFENACET,142459583,1766.01,3.19999,AdultOral.NOEL,4.03,AI ug/org/d
Herbicide,FLUMETSULAM,98967409,28.2563,1.60967,AdultContact.LD50,100,AI ug/org
Herbicide,FLUMICLORAC,87547044,857.144,2.92581,NA,NA,NA
Herbicide,FLUMIOXAZIN,103361097,1306.23,2.54927,AdultContact.LD50,105,ug/bee
Herbicide,FLUROXYPYR,69377817,106.644,1.67697,NA,NA,NA
Herbicide,FLUTHIACET-METHYL,117337196,1085.85,3.76629,AdultContact.LD50,100,AI ug/org
Herbicide,FOMESAFEN,72178020,60.4892,2.90198,NA,NA,NA
Herbicide,FORAMSULFURON,173159574,50.2145,0.74537,AdultOral.NOEL,163,AI ug/org
Herbicide,GLUFOSINATE,51276472,424.525,-0.816948,NA,NA,NA
Herbicide,GLYPHOSATE,1071836,2078.38,-3.39865,AdultContact.LD50,100,ug/bee
Herbicide,GLYPHOSATE,1071836,2078.38,-3.39865,AdultContact.LD50,103,ae ug/org
Herbicide,GLYPHOSATE,1071836,2078.38,-3.39865,AdultOral.LD50,100,ug/bee
Herbicide,GLYPHOSATE,1071836,2078.38,-3.39865,AdultOral.LD50,182,AI ug/org
Herbicide,GLYPHOSATE,1071836,2078.38,-3.39865,AdultOral.NOEL,182,AI ug/org
Herbicide,HALAUXIFEN,943832608,946.244,2.55976,NA,NA,NA
Herbicide,HALOSULFURON,135397307,43.2345,1.22412,NA,NA,NA
Herbicide,IMAZAMOX,114311329,27.2745,0.730687,AdultContact.LD50,58,AI ug/org
Herbicide,IMAZAMOX,114311329,27.2745,0.730687,AdultOral.LD50,40,AI ug/org
Herbicide,IMAZAMOX,114311329,27.2745,0.730687,AdultOral.NOEL,101,AI ug/org/d
Herbicide,IMAZAMOX,114311329,27.2745,0.730687,AdultOral.NOEL,101,AI ug/org/d
Herbicide,IMAZAMOX,114311329,27.2745,0.730687,LarvaOral.LD50,23.6,AI ug/org/d
Herbicide,IMAZAMOX,114311329,27.2745,0.730687,LarvaOral.LD50,93.6,AI ug/org/d
Herbicide,IMAZAMOX,114311329,27.2745,0.730687,LarvaOral.NOEL,5.53,AI ug/org/d
Herbicide,IMAZAMOX,114311329,27.2745,0.730687,LarvaOral.NOEL,5.53,AI ug/org/d
Herbicide,IMAZAMOX,114311329,27.2745,0.730687,LarvaOral.NOEL,23.6,AI ug/org/d
Herbicide,IMAZAPYR,81334341,99.8607,0.223712,NA,NA,NA
Herbicide,IMAZAQUIN,81335377,19.9887,1.86053,AdultOral.NOEL,7.17,AI ug/org/d
Herbicide,IMAZAQUIN,81335377,19.9887,1.86053,AdultOral.NOEL,39.2,AI ug/org/d
Herbicide,IMAZAQUIN,81335377,19.9887,1.86053,LarvaOral.LD50,22.12,AI ug/org/d
Herbicide,IMAZAQUIN,81335377,19.9887,1.86053,LarvaOral.NOEL,5.427,AI ug/org/d
Herbicide,IMAZAQUIN,81335377,19.9887,1.86053,LarvaOral.NOEL,10.88,AI ug/org/d
Herbicide,IMAZAQUIN,81335377,19.9887,1.86053,LarvaOral.NOEL,22.12,AI ug/org/d
Herbicide,IMAZETHAPYR,81335775,7.11061,1.44578,AdultContact.LD50,98,AI ug/org
Herbicide,IMAZETHAPYR,81335775,7.11061,1.44578,AdultOral.LD50,100,AI ug/org
Herbicide,IMAZETHAPYR,81335775,7.11061,1.44578,AdultOral.NOEL,18.7,AI ug/org/d
Herbicide,IMAZETHAPYR,81335775,7.11061,1.44578,AdultOral.NOEL,34.3,AI ug/org/d
Herbicide,IMAZETHAPYR,81335775,7.11061,1.44578,LarvaOral.LD50,91.1,AI ug/org/d
Herbicide,IMAZETHAPYR,81335775,7.11061,1.44578,LarvaOral.NOEL,91.1,AI ug/org/d
Herbicide,IMAZETHAPYR,81335775,7.11061,1.44578,LarvaOral.NOEL,91.1,AI ug/org/d
Herbicide,IMAZETHAPYR,81335775,7.11061,1.44578,LarvaOral.NOEL,91.1,AI ug/org/d
Herbicide,IMAZETHAPYR,81335775,7.11061,1.44578,LarvaOral.NOEL,91.1,AI ug/org/d
Herbicide,IODOSULFURON,185119760,NA,NA,NA,NA,NA
Herbicide,ISOXAFLUTOLE,141112290,815.156,2.32189,NA,NA,NA
Herbicide,LACTOFEN,77501634,10041.9,4.80799,AdultContact.LD50,124,AI ug/org
Herbicide,LINURON,330552,499.316,3.19781,AdultContact.LD50,120.86,ug/bee
Herbicide,MCPA,94746,53.719,3.24334,AdultContact.LD50,194,AI ug/org
Herbicide,MCPA,94746,53.719,3.24334,AdultContact.LD50,24.17,ug/bee
Herbicide,MCPA,94746,53.719,3.24334,AdultOral.LD50,194,AI ug/org
Herbicide,MCPA,94746,53.719,3.24334,LarvaOral.LD50,34.6,AI ug/org
Herbicide,MCPA,94746,53.719,3.24334,LarvaOral.LD50,93.9,AI ug/org/d
Herbicide,MCPA,94746,53.719,3.24334,LarvaOral.NOEL,5.64,AI ug/org/d
Herbicide,MCPA,94746,53.719,3.24334,LarvaOral.NOEL,46.2,AI ug/org/d
Herbicide,MCPA,94746,53.719,3.24334,LarvaOral.NOEL,11.6,AI ug/org/d
Herbicide,MCPA,94746,53.719,3.24334,LarvaOral.NOEL,11.6,AI ug/org/d
Herbicide,MESOTRIONE,104206828,57.7105,0.78305,AdultContact.LD50,100,AI ug/org
Herbicide,MESOTRIONE,104206828,57.7105,0.78305,AdultOral.LD50,11,AI ug/org
Herbicide,MESOTRIONE,104206828,57.7105,0.78305,AdultOral.NOEL,11,AI ug/org
Herbicide,MESOTRIONE,104206828,57.7105,0.78305,LarvaOral.LD50,24.9,AI ug/org/d
Herbicide,MESOTRIONE,104206828,57.7105,0.78305,LarvaOral.LD50,10.6,AI ug/org/d
Herbicide,MESOTRIONE,104206828,57.7105,0.78305,LarvaOral.NOEL,10.6,AI ug/org/d
Herbicide,MESOTRIONE,104206828,57.7105,0.78305,LarvaOral.NOEL,10.6,AI ug/org/d
Herbicide,MESOTRIONE,104206828,57.7105,0.78305,LarvaOral.NOEL,14.5,AI ug/org/d
Herbicide,MESOTRIONE,104206828,57.7105,0.78305,LarvaOral.NOEL,10.6,AI ug/org/d
Herbicide,METOLACHLOR,51218452,288.006,3.13089,AdultContact.LD50,110,AI ug/org
Herbicide,METOLACHLOR,51218452,288.006,3.13089,AdultOral.LD50,110,AI ug/org
Herbicide,METOLACHLOR-S,NA,NA,NA,NA,NA,NA
Herbicide,METRIBUZIN,21087649,51.3347,1.70002,NA,NA,NA
Herbicide,METSULFURON,79510488,43.2506,1.70011,NA,NA,NA
Herbicide,MSMA,2163806,NA,NA,AdultContact.LD50,24.17,ug/bee
Herbicide,MSMA,2163806,NA,NA,AdultContact.LD50,68,AI ug/org
Herbicide,"NAPTALAM",132661,2185.62,3.07383,NA,NA,NA
Herbicide,NICOSULFURON,111991094,30.2442,0.0122087,AdultContact.LD50,20,AI ug/org
Herbicide,NORFLURAZON,27314132,1901.56,2.37755,NA,NA,NA
Herbicide,OXYFLUORFEN,42874033,99588.3,4.72975,AdultContact.LD50,100,AI ug/org
Herbicide,OXYFLUORFEN,42874033,99588.3,4.72975,AdultContact.LD50,100,ug/bee
Herbicide,OXYFLUORFEN,42874033,99588.3,4.72975,AdultOral.LD50,109,AI ug/org
Herbicide,OXYFLUORFEN,42874033,99588.3,4.72975,AdultOral.NOEL,8.58,AI ug/org/d
Herbicide,OXYFLUORFEN,42874033,99588.3,4.72975,AdultOral.NOEL,0.18,AI ug/org/d
Herbicide,OXYFLUORFEN,42874033,99588.3,4.72975,LarvaOral.LD50,23,AI ug/org/d
Herbicide,OXYFLUORFEN,42874033,99588.3,4.72975,LarvaOral.NOEL,23,AI ug/org/d
Herbicide,OXYFLUORFEN,42874033,99588.3,4.72975,LarvaOral.NOEL,23,AI ug/org/d
Herbicide,OXYFLUORFEN,42874033,99588.3,4.72975,LarvaOral.NOEL,23,AI ug/org/d
Herbicide,OXYFLUORFEN,42874033,99588.3,4.72975,LarvaOral.NOEL,23,AI ug/org/d
Herbicide,PARAQUAT,4685147,1067.05,3.24166,AdultContact.LD50,6.04,ug/bee
Herbicide,PELARGONIC ACID,112050,309.048,3.4195,AdultContact.LD50,25,AI ug/org
Herbicide,PENDIMETHALIN,40487421,5013.25,5.1983,AdultContact.LD50,100,AI ug/org
Herbicide,PENDIMETHALIN,40487421,5013.25,5.1983,AdultOral.LD50,101.2,AI ug/org
Herbicide,PENDIMETHALIN,40487421,5013.25,5.1983,AdultOral.NOEL,101.2,AI ug/org
Herbicide,PRIMISULFURON,113036876,48.756100000000004,2.13883,NA,NA,NA
Herbicide,PROMETRYN,7287196,707.421,3.51124,AdultContact.LD50,96.69,ug/bee
Herbicide,PROPACHLOR,1918167,262.891,2.18155,AdultContact.LD50,25,AI ug/org
Herbicide,PROPACHLOR,1918167,262.891,2.18155,AdultContact.LD50,311,AI ug/org
Herbicide,PROSULFURON,94125345,75.0078,1.89079,AdultContact.LD50,100,AI ug/org
Herbicide,PROSULFURON,94125345,75.0078,1.89079,AdultOral.NOEL,0.6,AI ug/org/d
Herbicide,PROSULFURON,94125345,75.0078,1.89079,AdultOral.NOEL,0.6,AI ug/org/d
Herbicide,PROSULFURON,94125345,75.0078,1.89079,LarvaOral.LD50,21,AI ug/org/d
Herbicide,PROSULFURON,94125345,75.0078,1.89079,LarvaOral.LD50,26,AI ug/org/d
Herbicide,PROSULFURON,94125345,75.0078,1.89079,LarvaOral.NOEL,5.8,AI ug/org/d
Herbicide,PROSULFURON,94125345,75.0078,1.89079,LarvaOral.NOEL,5.8,AI ug/org/d
Herbicide,PROSULFURON,94125345,75.0078,1.89079,LarvaOral.NOEL,5.8,AI ug/org/d
Herbicide,PYRAFLUFEN ETHYL,129630199,478.81,3.49081,AdultContact.LD50,100,AI ug/org
Herbicide,PYRAFLUFEN ETHYL,129630199,478.81,3.49081,AdultOral.LD50,111.99,AI ug/org
Herbicide,PYRAFLUFEN ETHYL,129630199,478.81,3.49081,AdultOral.NOEL,111.99,AI ug/org
Herbicide,PYRAFLUFEN ETHYL,129630199,478.81,3.49081,AdultOral.NOEL,12,AI ug/org/d
Herbicide,PYRAFLUFEN ETHYL,129630199,478.81,3.49081,AdultOral.NOEL,12,AI ug/org/d
Herbicide,PYRAFLUFEN ETHYL,129630199,478.81,3.49081,LarvaOral.LD50,100,AI ug/org
Herbicide,PYRAFLUFEN ETHYL,129630199,478.81,3.49081,LarvaOral.LD50,20,AI ug/org/d
Herbicide,PYRAFLUFEN ETHYL,129630199,478.81,3.49081,LarvaOral.NOEL,3,AI ug/org/d
Herbicide,PYRAFLUFEN ETHYL,129630199,478.81,3.49081,LarvaOral.NOEL,23,AI ug/org/d
Herbicide,PYRAFLUFEN ETHYL,129630199,478.81,3.49081,LarvaOral.NOEL,3,AI ug/org/d
Herbicide,PYRAFLUFEN ETHYL,129630199,478.81,3.49081,LarvaOral.NOEL,6,AI ug/org/d
Herbicide,PYRIDATE,55512339,38519.5,2.86733,AdultOral.NOEL,21.2,AI ug/org/d
Herbicide,PYRIDATE,55512339,38519.5,2.86733,LarvaOral.LD50,1.44,AI ug/org/d
Herbicide,PYRIDATE,55512339,38519.5,2.86733,LarvaOral.LD50,3.5,AI ug/org/d
Herbicide,PYRIDATE,55512339,38519.5,2.86733,LarvaOral.NOEL,0.18,AI ug/org/d
Herbicide,PYRIDATE,55512339,38519.5,2.86733,LarvaOral.NOEL,3.5,AI ug/org/d
Herbicide,PYRIDATE,55512339,38519.5,2.86733,LarvaOral.NOEL,1.5,AI ug/org/d
Herbicide,PYROXASULFONE,447399555,967.909,3.3179,AdultContact.LD50,100,AI ug/org
Herbicide,QUINCLORAC,84087014,2564.64,2.77183,AdultContact.LD50,181.29,ug/bee
Herbicide,QUINCLORAC,84087014,2564.64,2.77183,AdultContact.LD50,357,AI ug/org
Herbicide,QUIZALOFOP,76578126,736.582,3.41748,AdultContact.LD50,50,AI ug/org
Herbicide,RIMSULFURON,122931480,51.3595,0.290911,LarvaOral.LD50,27.3,AI ug/org
Herbicide,SAFLUFENACIL,372137354,34.2677,2.00565,AdultContact.LD50,100,AI ug/org
Herbicide,SAFLUFENACIL,372137354,34.2677,2.00565,AdultContact.LD50,100,AI ug/org
Herbicide,SAFLUFENACIL,372137354,34.2677,2.00565,AdultOral.LD50,120.9,AI ug/org
Herbicide,SAFLUFENACIL,372137354,34.2677,2.00565,AdultOral.NOEL,120.9,AI ug/org
Herbicide,SETHOXYDIM,74051802,100.423,4.38022,AdultContact.LD50,200.2,AI ug/org
Herbicide,SETHOXYDIM,74051802,100.423,4.38022,AdultContact.LD50,10,AI ug/org
Herbicide,SETHOXYDIM,74051802,100.423,4.38022,AdultOral.LD50,200.2,AI ug/org
Herbicide,SETHOXYDIM,74051802,100.423,4.38022,AdultOral.NOEL,4.38,AI ug/org/d
Herbicide,SETHOXYDIM,74051802,100.423,4.38022,AdultOral.NOEL,4.38,AI ug/org/d
Herbicide,SETHOXYDIM,74051802,100.423,4.38022,AdultOral.NOEL,30.8,AI ug/org/d
Herbicide,SETHOXYDIM,74051802,100.423,4.38022,LarvaOral.LD50,21,AI ug/org/d
Herbicide,SETHOXYDIM,74051802,100.423,4.38022,LarvaOral.NOEL,21,AI ug/org/d
Herbicide,SETHOXYDIM,74051802,100.423,4.38022,LarvaOral.NOEL,21,AI ug/org/d
Herbicide,SETHOXYDIM,74051802,100.423,4.38022,LarvaOral.NOEL,21,AI ug/org/d
Herbicide,SIMAZINE,122349,126.139,2.18007,AdultContact.LD50,96.69,ug/bee
Herbicide,SULFENTRAZONE,122836355,450.883,0.993599,AdultContact.LD50,25.1,AI ug/org
Herbicide,SULFOSATE,81591813,NA,NA,NA,NA,NA
Herbicide,TEMBOTRIONE,335104842,96.6012,1.92557,NA,NA,NA
Herbicide,TETRAOXOSULFATE,NA,NA,NA,NA,NA,NA
Herbicide,THIENCARBAZONE-METHYL,317815831,41.1183,-0.33311,NA,NA,NA
Herbicide,THIFENSULFURON,79277671,40.2044,1.24097,NA,NA,NA
Herbicide,TOLPYRALATE,1101132675,268.859,3.15428,LarvaOral.LD50,15.5,AI ug/org/d
Herbicide,TOLPYRALATE,1101132675,268.859,3.15428,LarvaOral.NOEL,25,AI ug/org/d
Herbicide,TOLPYRALATE,1101132675,268.859,3.15428,LarvaOral.NOEL,12.5,AI ug/org/d
Herbicide,TOLPYRALATE,1101132675,268.859,3.15428,LarvaOral.NOEL,12.5,AI ug/org/d
Herbicide,TOLPYRALATE,1101132675,268.859,3.15428,LarvaOral.NOEL,25,AI ug/org/d
Herbicide,TOLPYRALATE,1101132675,268.859,3.15428,LarvaOral.NOEL,12.5,AI ug/org/d
Herbicide,TOPRAMEZONE,210631688,177.142,2.29602,AdultContact.LD50,100,ug/bee
Herbicide,TOPRAMEZONE,210631688,177.142,2.29602,AdultContact.LD50,100,AI ug/org
Herbicide,TOPRAMEZONE,210631688,177.142,2.29602,AdultOral.LD50,108.3,ug/bee
Herbicide,TOPRAMEZONE,210631688,177.142,2.29602,AdultOral.NOEL,108.3,ug/bee
Herbicide,TOPRAMEZONE,210631688,177.142,2.29602,LarvaOral.LD50,62.8,AI ug/org/d
Herbicide,TOPRAMEZONE,210631688,177.142,2.29602,LarvaOral.NOEL,13.8,AI ug/org/d
Herbicide,TOPRAMEZONE,210631688,177.142,2.29602,LarvaOral.NOEL,6.46,AI ug/org/d
Herbicide,TOPRAMEZONE,210631688,177.142,2.29602,LarvaOral.NOEL,27.7,AI ug/org/d
Herbicide,TRALKOXYDIM,87820880,1306.82,4.46054,AdultContact.LD50,100,AI ug/org
Herbicide,TRI-ALLATE,2303175,2234.16,4.59952,AdultContact.LD50,36.26,ug/bee
Herbicide,TRI-ALLATE,2303175,2234.16,4.59952,AdultContact.LD50,25,AI ug/org
Herbicide,TRIBENURON METHYL,101200480,52.4559,1.85973,AdultContact.LD50,100,AI ug/org
Herbicide,TRICLOPYR,55335063,46.9332,2.51575,AdultContact.LD50,100,AI ug/org
Herbicide,TRICLOPYR,55335063,46.9332,2.51575,AdultOral.LD50,99,AI ug/org
Herbicide,TRICLOPYR,55335063,46.9332,2.51575,AdultOral.NOEL,14.3,AI ug/org/d
Herbicide,TRICLOPYR,55335063,46.9332,2.51575,AdultOral.NOEL,22.3,AI ug/org/d
Herbicide,TRICLOPYR,55335063,46.9332,2.51575,LarvaOral.LD50,22,AI ug/org/d
Herbicide,TRICLOPYR,55335063,46.9332,2.51575,LarvaOral.NOEL,0.58,AI ug/org/d
Herbicide,TRICLOPYR,55335063,46.9332,2.51575,LarvaOral.NOEL,3.6,AI ug/org/d
Herbicide,TRICLOPYR,55335063,46.9332,2.51575,LarvaOral.NOEL,1.5,AI ug/org/d
Herbicide,TRIFLURALIN,1582098,15764.7,5.3382,AdultContact.LD50,24.17,ug/bee
Herbicide,VERNOLATE,1929777,214.129,3.83945,NA,NA,NA
Insecticide,ABAMECTIN,65195553,86965.6,2.70122,NA,NA,NA
Insecticide,ABAMECTIN,71751412,NA,NA,AdultContact.LD50,0.0023,AI ug/org
Insecticide,ABAMECTIN,71751412,NA,NA,AdultOral.LD50,0.0044,AI ug/org
Insecticide,ABAMECTIN,71751412,NA,NA,AdultOral.NOEL,8.4e-5,AI ug/org/d
Insecticide,ABAMECTIN,71751412,NA,NA,AdultOral.NOEL,1.66e-4,AI ug/org/d
Insecticide,ABAMECTIN,71751412,NA,NA,LarvaOral.LD50,0.0011,AI ug/org
Insecticide,ABAMECTIN,71751412,NA,NA,LarvaOral.LD50,6.2e-5,AI ug/org/d
Insecticide,ABAMECTIN,71751412,NA,NA,LarvaOral.LD50,4.98e-4,AI ug/org/d
Insecticide,ABAMECTIN,71751412,NA,NA,LarvaOral.NOEL,6.23e-4,AI ug/org/d
Insecticide,ABAMECTIN,71751412,NA,NA,LarvaOral.NOEL,3e-6,AI ug/org/d
Insecticide,ABAMECTIN,71751412,NA,NA,LarvaOral.NOEL,2.3e-5,AI ug/org/d
Insecticide,ACEPHATE,30560191,2.01033,-0.848194,AdultContact.LD50,1.2,ug/bee
Insecticide,ACETAMIPRID,135410207,120.043,1.83414,AdultContact.LD50,12.5,AI ug/org
Insecticide,ACETAMIPRID,135410207,120.043,1.83414,AdultContact.LD50,10.53,AI ug/org
Insecticide,ACETAMIPRID,135410207,120.043,1.83414,AdultContact.LD50,100,AI ug/org
Insecticide,ACETAMIPRID,135410207,120.043,1.83414,AdultOral.LD50,10.21,AI ug/org
Insecticide,ACETAMIPRID,135410207,120.043,1.83414,AdultOral.LD50,8.96,AI ug/org
Insecticide,ACETAMIPRID,135410207,120.043,1.83414,AdultOral.LD50,22.2,AI ug/org
Insecticide,ACETAMIPRID,135410207,120.043,1.83414,AdultOral.NOEL,2.42,AI ug/org/d
Insecticide,ACETAMIPRID,135410207,120.043,1.83414,AdultOral.NOEL,10.37,AI ug/org
Insecticide,ACETAMIPRID,135410207,120.043,1.83414,LarvaOral.LD50,1.16,AI ug/org
Insecticide,ACETAMIPRID,135410207,120.043,1.83414,LarvaOral.LD50,5.43,AI ug/org/d
Insecticide,ACETAMIPRID,135410207,120.043,1.83414,LarvaOral.LD50,0.96,AI ug/org/d
Insecticide,ACETAMIPRID,135410207,120.043,1.83414,LarvaOral.NOEL,0.35,AI ug/org/d
Insecticide,ACETAMIPRID,135410207,120.043,1.83414,LarvaOral.NOEL,0.12,AI ug/org/d
Insecticide,ACETAMIPRID,135410207,120.043,1.83414,LarvaOral.NOEL,1.47,AI ug/org/d
Insecticide,ACETAMIPRID,135410207,120.043,1.83414,LarvaOral.NOEL,0.12,AI ug/org/d
Insecticide,ACETAMIPRID,135410207,120.043,1.83414,LarvaOral.NOEL,0.12,AI ug/org/d
Insecticide,AFIDOPYROPEN,915972177,85845.4,1.43454,AdultContact.LD50,200,AI ug/org
Insecticide,AFIDOPYROPEN,915972177,85845.4,1.43454,AdultContact.LD50,20.3,AI ug/org
Insecticide,AFIDOPYROPEN,915972177,85845.4,1.43454,AdultContact.LD50,49.4,AI ug/org
Insecticide,AFIDOPYROPEN,915972177,85845.4,1.43454,AdultContact.LD50,100,AI ug/org
Insecticide,AFIDOPYROPEN,915972177,85845.4,1.43454,AdultOral.LD50,49.8,AI ug/org
Insecticide,AFIDOPYROPEN,915972177,85845.4,1.43454,AdultOral.LD50,100,AI ug/org
Insecticide,AFIDOPYROPEN,915972177,85845.4,1.43454,AdultOral.LD50,20.8,AI ug/org
Insecticide,AFIDOPYROPEN,915972177,85845.4,1.43454,AdultOral.NOEL,73.31,AI ug/org/d
Insecticide,AFIDOPYROPEN,915972177,85845.4,1.43454,LarvaOral.LD50,21.95,AI ug/org
Insecticide,AFIDOPYROPEN,915972177,85845.4,1.43454,LarvaOral.LD50,37.57,AI ug/org
Insecticide,AFIDOPYROPEN,915972177,85845.4,1.43454,LarvaOral.NOEL,4.04,AI ug/org
Insecticide,AFIDOPYROPEN,915972177,85845.4,1.43454,LarvaOral.NOEL,16.51,AI ug/org
Insecticide,AFIDOPYROPEN,915972177,85845.4,1.43454,LarvaOral.NOEL,4.04,AI ug/org
Insecticide,ALDICARB,116063,31.643,1.12863,AdultContact.LD50,0.285,ug/bee
Insecticide,ALPHA-CYPERMETHRIN,67375308,99845.4,6.59788,NA,NA,NA
Insecticide,AZADIRACHTIN,11141176,NA,NA,AdultContact.LD50,2.5,AI ug/org
Insecticide,BACILLUS THURINGIENSIS,68038711,NA,NA,NA,NA,NA
Insecticide,BIFENAZATE,149877418,1746.67,3.16535,AdultContact.LD50,7.8,AI ug/org
Insecticide,BIFENTHRIN,82657043,223091,6.18611,NA,NA,NA
Insecticide,CARBARYL,63252,250.472,2.35802,AdultContact.LD50,1.34,ug/bee
Insecticide,CARBARYL,63252,250.472,2.35802,AdultContact.LD50,1.88,ug/bee
Insecticide,CARBARYL,63252,250.472,2.35802,AdultContact.LD50,1.02,ug/bee
Insecticide,CARBARYL,63252,250.472,2.35802,AdultContact.LD50,1.34,ug/bee
Insecticide,CARBARYL,63252,250.472,2.35802,AdultOral.LD50,46,AI ug/org
Insecticide,CARBARYL,63252,250.472,2.35802,AdultOral.NOEL,46,AI ug/org
Insecticide,CARBOFURAN,1563662,56.3325,1.97375,AdultContact.LD50,0.16,ug/bee
Insecticide,CHLORANTRANILIPROLE,500008457,96.7159,3.59054,AdultContact.LD50,255,AI ug/org
Insecticide,CHLORANTRANILIPROLE,500008457,96.7159,3.59054,AdultOral.LD50,0.427,AI ug/org
Insecticide,CHLORANTRANILIPROLE,500008457,96.7159,3.59054,AdultOral.LD50,0.459,AI ug/org
Insecticide,CHLORANTRANILIPROLE,500008457,96.7159,3.59054,AdultOral.NOEL,9.03,AI ug/org/d
Insecticide,CHLORANTRANILIPROLE,500008457,96.7159,3.59054,AdultOral.NOEL,9.03,AI ug/org/d
Insecticide,CHLORANTRANILIPROLE,500008457,96.7159,3.59054,LarvaOral.LD50,0.193,AI ug/org/d
Insecticide,CHLORANTRANILIPROLE,500008457,96.7159,3.59054,LarvaOral.LD50,0.119,AI ug/org/d
Insecticide,CHLORANTRANILIPROLE,500008457,96.7159,3.59054,LarvaOral.LD50,1.6,AI ug/org/d
Insecticide,CHLORANTRANILIPROLE,500008457,96.7159,3.59054,LarvaOral.NOEL,0.087,AI ug/org/d
Insecticide,CHLORANTRANILIPROLE,500008457,96.7159,3.59054,LarvaOral.NOEL,0.043,AI ug/org/d
Insecticide,CHLORANTRANILIPROLE,500008457,96.7159,3.59054,LarvaOral.NOEL,0.069,AI ug/org/d
Insecticide,CHLORANTRANILIPROLE,500008457,96.7159,3.59054,LarvaOral.NOEL,0.069,AI ug/org/d
Insecticide,CHLORANTRANILIPROLE,500008457,96.7159,3.59054,LarvaOral.NOEL,0.069,AI ug/org/d
Insecticide,CHLORANTRANILIPROLE,500008457,96.7159,3.59054,LarvaOral.NOEL,0.043,AI ug/org/d
Insecticide,CHLORETHOXYFOS,54593838,3971.22,4.58833,AdultContact.LD50,0.09,ug/bee
Insecticide,CHLOROPICRIN,76062,61.6589,2.08833,AdultContact.LD50,100,AI ug/org
Insecticide,CHLORPYRIFOS,2921882,5000.97,4.95863,AdultContact.LD50,0.114,AI ug/org
Insecticide,CLOTHIANIDIN,210880925,6.41952,0.701681,AdultContact.LD50,0.0275,AI ug/org
Insecticide,CLOTHIANIDIN,210880925,6.41952,0.701681,AdultContact.LD50,0.0439,AI ug/org
Insecticide,CLOTHIANIDIN,210880925,6.41952,0.701681,AdultOral.LD50,0.00368,AI ug/org
Insecticide,CLOTHIANIDIN,210880925,6.41952,0.701681,AdultOral.LD50,0.0157,AI ug/org
Insecticide,CLOTHIANIDIN,210880925,6.41952,0.701681,AdultOral.NOEL,9e-4,AI ug/org
Insecticide,CLOTHIANIDIN,210880925,6.41952,0.701681,AdultOral.NOEL,3.6e-4,AI ug/org/d
Insecticide,CLOTHIANIDIN,210880925,6.41952,0.701681,LarvaOral.LD50,0.00528,AI ug/org
Insecticide,CLOTHIANIDIN,210880925,6.41952,0.701681,LarvaOral.NOEL,0.00528,AI ug/org
Insecticide,CYFLUMETOFEN,400882077,104334,5.29692,NA,NA,NA
Insecticide,CYFLUTHRIN,68359375,99888.1,5.95213,NA,NA,NA
Insecticide,CYHALOTHRIN-GAMMA,NA,NA,NA,NA,NA,NA
Insecticide,CYHALOTHRIN-LAMBDA,NA,NA,NA,NA,NA,NA
Insecticide,CYPERMETHRIN,52315078,99845.4,6.59788,AdultContact.LD50,0.13,ug/bee
Insecticide,CYPERMETHRIN,52315078,99845.4,6.59788,AdultOral.LD50,0.56,ug/bee
Insecticide,CYPERMETHRIN,52315078,99845.4,6.59788,AdultOral.LD50,0.172,AI ug/org
Insecticide,CYPERMETHRIN,52315078,99845.4,6.59788,AdultOral.LD50,0.114,AI ug/org
Insecticide,CYPERMETHRIN,52315078,99845.4,6.59788,AdultOral.NOEL,0.125,ug/bee
Insecticide,DELTAMETHRIN,52918635,62323.3,6.20043,AdultContact.LD50,0.0015,AI ug/org
Insecticide,DELTAMETHRIN,52918635,62323.3,6.20043,AdultContact.LD50,0.112,AI ug/org
Insecticide,DELTAMETHRIN,52918635,62323.3,6.20043,AdultOral.LD50,0.191,AI ug/org
Insecticide,DIAZINON,333415,561.251,3.80885,AdultContact.LD50,0.372,ug/bee
Insecticide,DICHLOROPROPENE,26952238,NA,NA,NA,NA,NA
Insecticide,DICHLOROPROPENE,542756,46.2635,2.03987,NA,NA,NA
Insecticide,DICROTOPHOS,141662,45.6565,2.99434e-4,AdultContact.LD50,0.3,ug/bee
Insecticide,DIFLUBENZURON,35367385,6742.19,3.87716,AdultContact.LD50,74.2,AI ug/org
Insecticide,DIFLUBENZURON,35367385,6742.19,3.87716,AdultContact.LD50,100,AI ug/org
Insecticide,DIFLUBENZURON,35367385,6742.19,3.87716,AdultOral.LD50,85.6,AI ug/org
Insecticide,DIFLUBENZURON,35367385,6742.19,3.87716,AdultOral.LD50,9.1,AI ug/org
Insecticide,DIFLUBENZURON,35367385,6742.19,3.87716,AdultOral.NOEL,93.5,AI ug/org/d
Insecticide,DIFLUBENZURON,35367385,6742.19,3.87716,AdultOral.NOEL,0.0012,AI ug/org/d
Insecticide,DIFLUBENZURON,35367385,6742.19,3.87716,AdultOral.NOEL,11.1,AI ug/org/d
Insecticide,DIFLUBENZURON,35367385,6742.19,3.87716,AdultOral.NOEL,0.0012,AI ug/org/d
Insecticide,DIFLUBENZURON,35367385,6742.19,3.87716,LarvaOral.LD50,0.044,AI ug/org/d
Insecticide,DIFLUBENZURON,35367385,6742.19,3.87716,LarvaOral.LD50,0.0624,AI ug/org
Insecticide,DIFLUBENZURON,35367385,6742.19,3.87716,LarvaOral.NOEL,0.0064,AI ug/org/d
Insecticide,DIFLUBENZURON,35367385,6742.19,3.87716,LarvaOral.NOEL,0.0064,AI ug/org/d
Insecticide,DIFLUBENZURON,35367385,6742.19,3.87716,LarvaOral.NOEL,0.0064,AI ug/org/d
Insecticide,DIFLUBENZURON,35367385,6742.19,3.87716,LarvaOral.NOEL,0.0088,AI ug/org
Insecticide,DIFLUBENZURON,35367385,6742.19,3.87716,LarvaOral.NOEL,0.038,AI ug/org
Insecticide,DIFLUBENZURON,35367385,6742.19,3.87716,LarvaOral.NOEL,0.0064,AI ug/org/d
Insecticide,DIFLUBENZURON,35367385,6742.19,3.87716,LarvaOral.NOEL,0.0088,AI ug/org
Insecticide,DIMETHOATE,60515,15.8484,0.780537,AdultContact.LD50,0.188,ug/bee
Insecticide,DISULFOTON,298044,1654.28,4.0184,AdultContact.LD50,1.11,AI ug/org
Insecticide,DISULFOTON,298044,1654.28,4.0184,AdultContact.LD50,5.14,ug/bee
Insecticide,DISULFOTON,298044,1654.28,4.0184,AdultContact.LD50,0.96,AI ug/org
Insecticide,ESFENVALERATE,66230044,5415.87,6.1996,AdultContact.LD50,0.017,AI ug/org
Insecticide,ETHOPROPHOS,13194484,71.004,3.58788,AdultContact.LD50,2.58,AI ug/org
Insecticide,ETHOPROPHOS,13194484,71.004,3.58788,AdultContact.LD50,2.58,ug/bee
Insecticide,ETOXAZOLE,153233911,1582.27,3.76241,AdultContact.LD50,200,AI ug/org
Insecticide,ETOXAZOLE,153233911,1582.27,3.76241,AdultOral.LD50,200,AI ug/org
Insecticide,ETOXAZOLE,153233911,1582.27,3.76241,AdultOral.NOEL,19,AI ug/org/d
Insecticide,ETOXAZOLE,153233911,1582.27,3.76241,AdultOral.NOEL,200,AI ug/org
Insecticide,ETOXAZOLE,153233911,1582.27,3.76241,AdultOral.NOEL,19,AI ug/org/d
Insecticide,ETOXAZOLE,153233911,1582.27,3.76241,AdultOral.NOEL,7.1,AI ug/org/d
Insecticide,ETOXAZOLE,153233911,1582.27,3.76241,LarvaOral.LD50,1,AI ug/org/d
Insecticide,ETOXAZOLE,153233911,1582.27,3.76241,LarvaOral.NOEL,0.35,AI ug/org/d
Insecticide,ETOXAZOLE,153233911,1582.27,3.76241,LarvaOral.NOEL,1,AI ug/org/d
Insecticide,ETOXAZOLE,153233911,1582.27,3.76241,LarvaOral.NOEL,1,AI ug/org/d
Insecticide,FENBUTATIN OXIDE,13356086,NA,NA,AdultContact.LD50,3982,AI ug/org
Insecticide,FENPYROXIMATE,134098616,69821.1,5.00847,AdultContact.LD50,479.8,AI ug/org
Insecticide,FENPYROXIMATE,134098616,69821.1,5.00847,AdultContact.LD50,15.8,AI ug/org
Insecticide,FENPYROXIMATE,134098616,69821.1,5.00847,AdultOral.NOEL,3.03,AI ug/org/d
Insecticide,FENPYROXIMATE,134098616,69821.1,5.00847,AdultOral.NOEL,0.615,AI ug/org/d
Insecticide,FENPYROXIMATE,134098616,69821.1,5.00847,AdultOral.NOEL,0.18,AI ug/org/d
Insecticide,FENPYROXIMATE,134098616,69821.1,5.00847,AdultOral.NOEL,0.073,AI ug/org/d
Insecticide,FENPYROXIMATE,134098616,69821.1,5.00847,LarvaOral.LD50,0.2,AI ug/org
Insecticide,FENPYROXIMATE,134098616,69821.1,5.00847,LarvaOral.LD50,0.031,AI ug/org/d
Insecticide,FENPYROXIMATE,134098616,69821.1,5.00847,LarvaOral.LD50,0.029,AI ug/org/d
Insecticide,FENPYROXIMATE,134098616,69821.1,5.00847,LarvaOral.NOEL,0.0032,AI ug/org/d
Insecticide,FENPYROXIMATE,134098616,69821.1,5.00847,LarvaOral.NOEL,0.03,AI ug/org/d
Insecticide,FENPYROXIMATE,134098616,69821.1,5.00847,LarvaOral.NOEL,0.12,AI ug/org
Insecticide,FENPYROXIMATE,134098616,69821.1,5.00847,LarvaOral.NOEL,0.011,AI ug/org/d
Insecticide,FENPYROXIMATE,134098616,69821.1,5.00847,LarvaOral.NOEL,0.0038,AI ug/org/d
Insecticide,FENPYROXIMATE,134098616,69821.1,5.00847,LarvaOral.NOEL,0.011,AI ug/org/d
Insecticide,FIPRONIL,120068373,411.369,3.99786,AdultContact.LD50,0.006,AI ug/org
Insecticide,FIPRONIL,120068373,411.369,3.99786,AdultOral.LD50,0.00405,AI ug/org
Insecticide,FIPRONIL,120068373,411.369,3.99786,LarvaOral.LD50,0.0238,AI ug/org
Insecticide,FIPRONIL,120068373,411.369,3.99786,LarvaOral.LD50,0.0218,AI ug/org
Insecticide,FLUBENDIAMIDE,272451657,255883,5.72169,AdultContact.LD50,200,AI ug/org
Insecticide,FLUBENDIAMIDE,272451657,255883,5.72169,AdultContact.LD50,200,AI ug/org
Insecticide,FLUBENDIAMIDE,272451657,255883,5.72169,AdultOral.LD50,200,AI ug/org
Insecticide,FLUBENDIAMIDE,272451657,255883,5.72169,AdultOral.LD50,200,AI ug/org
Insecticide,FLUBENDIAMIDE,272451657,255883,5.72169,AdultOral.NOEL,200,AI ug/org
Insecticide,FLUBENDIAMIDE,272451657,255883,5.72169,AdultOral.NOEL,200,AI ug/org
Insecticide,FLUPYRADIFURONE,951659408,326.765,1.11119,AdultContact.LD50,137.3,AI ug/org
Insecticide,FLUPYRADIFURONE,951659408,326.765,1.11119,AdultContact.LD50,68.6,AI ug/org
Insecticide,FLUPYRADIFURONE,951659408,326.765,1.11119,AdultContact.LD50,11.5,AI ug/org
Insecticide,FLUPYRADIFURONE,951659408,326.765,1.11119,AdultOral.LD50,3.4,AI ug/org
Insecticide,FLUPYRADIFURONE,951659408,326.765,1.11119,AdultOral.LD50,1.49,AI ug/org
Insecticide,FLUPYRADIFURONE,951659408,326.765,1.11119,AdultOral.LD50,8.52,AI ug/org
Insecticide,FLUPYRADIFURONE,951659408,326.765,1.11119,AdultOral.NOEL,4.17,AI ug/org
Insecticide,FONOFOS,944229,870.179,3.94092,NA,NA,NA
Insecticide,GARLIC JUICE,NA,NA,NA,NA,NA,NA
Insecticide,HARPIN PROTEIN,NA,NA,NA,NA,NA,NA
Insecticide,HARPIN PROTEIN,NA,NA,NA,NA,NA,NA
Insecticide,HEXYTHIAZOX,78587050,6153.81,2.90471,AdultContact.LD50,200,AI ug/org
Insecticide,HEXYTHIAZOX,78587050,6153.81,2.90471,AdultOral.NOEL,51,AI ug/org/d
Insecticide,HEXYTHIAZOX,78587050,6153.81,2.90471,LarvaOral.LD50,71,AI ug/org
Insecticide,IMIDACLOPRID,138261413,114.092,0.573492,AdultContact.LD50,0.078,AI ug/org
Insecticide,IMIDACLOPRID,138261413,114.092,0.573492,AdultOral.LD50,0.0039,AI ug/org
Insecticide,IMIDACLOPRID,138261413,114.092,0.573492,AdultOral.NOEL,0.0015,AI ug/org
Insecticide,INDOXACARB,173584446,4317.56,4.64653,AdultContact.LD50,0.0682,AI ug/org
Insecticide,INDOXACARB,173584446,4317.56,4.64653,AdultContact.LD50,0.566,AI ug/org
Insecticide,INDOXACARB,173584446,4317.56,4.64653,AdultContact.LD50,0.18,AI ug/org
Insecticide,INDOXACARB,173584446,4317.56,4.64653,AdultContact.LD50,1.5,AI ug/org
Insecticide,INDOXACARB,173584446,4317.56,4.64653,AdultContact.LD50,0.23,AI ug/org
Insecticide,INDOXACARB,173584446,4317.56,4.64653,AdultContact.LD50,0.56,AI ug/org
Insecticide,INDOXACARB,173584446,4317.56,4.64653,AdultContact.LD50,0.31,AI ug/org
Insecticide,INDOXACARB,173584446,4317.56,4.64653,AdultOral.LD50,0.478,AI ug/org
Insecticide,INDOXACARB,173584446,4317.56,4.64653,AdultOral.LD50,0.0403,AI ug/org/d
Insecticide,INDOXACARB,173584446,4317.56,4.64653,AdultOral.LD50,0.204,AI ug/org
Insecticide,INDOXACARB,173584446,4317.56,4.64653,AdultOral.LD50,0.528,AI ug/org
Insecticide,INDOXACARB,173584446,4317.56,4.64653,AdultOral.LD50,0.0842,AI ug/org
Insecticide,INDOXACARB,173584446,4317.56,4.64653,AdultOral.LD50,0.065,AI ug/org
Insecticide,INDOXACARB,173584446,4317.56,4.64653,AdultOral.LD50,0.11,AI ug/org
Insecticide,INDOXACARB,173584446,4317.56,4.64653,AdultOral.NOEL,0.00834,AI ug/org/d
Insecticide,INDOXACARB,173584446,4317.56,4.64653,AdultOral.NOEL,0.043,AI ug/org
Insecticide,INDOXACARB,173584446,4317.56,4.64653,AdultOral.NOEL,0.00834,AI ug/org/d
Insecticide,INDOXACARB,173584446,4317.56,4.64653,AdultOral.NOEL,0.0078,AI ug/org/d
Insecticide,INDOXACARB,173584446,4317.56,4.64653,AdultOral.NOEL,0.0548,AI ug/org
Insecticide,INDOXACARB,173584446,4317.56,4.64653,AdultOral.NOEL,0.02,AI ug/org
Insecticide,INDOXACARB,173584446,4317.56,4.64653,LarvaOral.LD50,14,AI ug/org
Insecticide,INDOXACARB,173584446,4317.56,4.64653,LarvaOral.LD50,18.1,AI ug/org
Insecticide,INDOXACARB,173584446,4317.56,4.64653,LarvaOral.LD50,10,AI ug/org
Insecticide,INDOXACARB,173584446,4317.56,4.64653,LarvaOral.NOEL,0.0168,AI ug/org/d
Insecticide,INDOXACARB,173584446,4317.56,4.64653,LarvaOral.NOEL,0.0168,AI ug/org/d
Insecticide,INDOXACARB,173584446,4317.56,4.64653,LarvaOral.NOEL,0.0168,AI ug/org/d
Insecticide,INDOXACARB,173584446,4317.56,4.64653,LarvaOral.NOEL,0.0279,AI ug/org/d
Insecticide,INDOXACARB,173584446,4317.56,4.64653,LarvaOral.NOEL,0.0279,AI ug/org/d
Insecticide,INDOXACARB,173584446,4317.56,4.64653,LarvaOral.NOEL,0.0168,AI ug/org/d
Insecticide,INDOXACARB,173584446,4317.56,4.64653,LarvaOral.NOEL,0.0279,AI ug/org/d
Insecticide,MALATHION,121755,229.268,2.35864,AdultContact.LD50,0.19,AI ug/org
Insecticide,MALATHION,121755,229.268,2.35864,AdultContact.LD50,0.709,ug/bee
Insecticide,MALATHION,121755,229.268,2.35864,AdultContact.LD50,0.156,AI ug/org
Insecticide,MALATHION,121755,229.268,2.35864,AdultOral.LD50,1.66,AI ug/org
Insecticide,MALATHION,121755,229.268,2.35864,AdultOral.LD50,1.66,AI ug/org
Insecticide,MALATHION,121755,229.268,2.35864,AdultOral.LD50,0.4,AI ug/org
Insecticide,METALDEHYDE,108623,238.756,0.122521,NA,NA,NA
Insecticide,METALDEHYDE,37273919,NA,NA,AdultContact.LD50,113,AI ug/org
Insecticide,METALDEHYDE,37273919,NA,NA,AdultOral.LD50,87,AI ug/org
Insecticide,METHOMYL,16752775,20.1143,0.600496,AdultContact.LD50,1.29,ug/bee
Insecticide,METHOMYL,16752775,20.1143,0.600496,AdultContact.LD50,1.51,ug/bee
Insecticide,METHOMYL,16752775,20.1143,0.600496,AdultContact.LD50,34.3,AI ug/org
Insecticide,METHOMYL,16752775,20.1143,0.600496,AdultOral.LD50,34.3,AI ug/org
Insecticide,METHOMYL,16752775,20.1143,0.600496,AdultOral.NOEL,0.0106,AI ug/org/d
Insecticide,METHOMYL,16752775,20.1143,0.600496,AdultOral.NOEL,0.0106,AI ug/org/d
Insecticide,METHOMYL,16752775,20.1143,0.600496,LarvaOral.LD50,3.48,AI ug/org/d
Insecticide,METHOXYCHLOR,72435,79308.3,5.08015,AdultContact.LD50,23.57,ug/bee
Insecticide,METHOXYFENOZIDE,161050584,1851.25,3.69869,AdultContact.LD50,100,AI ug/org
Insecticide,METHOXYFENOZIDE,161050584,1851.25,3.69869,LarvaOral.LD50,3.69,AI ug/org
Insecticide,METHOXYFENOZIDE,161050584,1851.25,3.69869,LarvaOral.LD50,3.69,AI ug/org
Insecticide,METHOXYFENOZIDE,161050584,1851.25,3.69869,LarvaOral.LD50,3.69,AI ug/org
Insecticide,METHYL PARATHION,298000,998.772,2.86214,AdultContact.LD50,0.291,ug/bee
Insecticide,NOVALURON,116714466,12638.2,5.2698,AdultContact.LD50,100,AI ug/org
Insecticide,NOVALURON,116714466,12638.2,5.2698,AdultContact.LD50,200,ug/bee
Insecticide,NOVALURON,116714466,12638.2,5.2698,AdultOral.LD50,100,AI ug/org
Insecticide,NOVALURON,116714466,12638.2,5.2698,AdultOral.LD50,200,ug/bee
Insecticide,NOVALURON,116714466,12638.2,5.2698,AdultOral.NOEL,100,AI ug/org
Insecticide,NOVALURON,116714466,12638.2,5.2698,AdultOral.NOEL,200,ug/bee
Insecticide,NOVALURON,116714466,12638.2,5.2698,LarvaOral.LD50,0.0048,AI ug/org/d
Insecticide,NOVALURON,116714466,12638.2,5.2698,LarvaOral.NOEL,0.0048,AI ug/org/d
Insecticide,NOVALURON,116714466,12638.2,5.2698,LarvaOral.NOEL,6.3e-4,AI ug/org/d
Insecticide,NOVALURON,116714466,12638.2,5.2698,LarvaOral.NOEL,6.3e-4,AI ug/org/d
Insecticide,PERMETHRIN,52645531,63169.8,6.49886,AdultContact.LD50,0.025,AI ug/org
Insecticide,PERMETHRIN,52645531,63169.8,6.49886,AdultOral.LD50,0.131,AI ug/org
Insecticide,PERMETHRIN,52645531,63169.8,6.49886,AdultOral.NOEL,0.02,AI ug/org
Insecticide,PHORATE,298022,501.841,3.69306,AdultContact.LD50,10.07,ug/bee
Insecticide,PIPERONYL BUTOXIDE,51036,10456.6,4.74542,AdultContact.LD50,11,AI ug/org
Insecticide,POLYHEDROSIS VIRUS,NA,NA,NA,NA,NA,NA
Insecticide,PROPARGITE,2312358,3973.9,4.99861,AdultContact.LD50,15,ug/bee
Insecticide,PROPARGITE,2312358,3973.9,4.99861,AdultContact.LD50,51.33,AI ug/org
Insecticide,PROPARGITE,2312358,3973.9,4.99861,AdultContact.LD50,62.19,AI ug/org
Insecticide,PROPARGITE,2312358,3973.9,4.99861,AdultOral.LD50,100,AI ug/org
Insecticide,PROPARGITE,2312358,3973.9,4.99861,AdultOral.LD50,100,AI ug/org
Insecticide,PROPARGITE,2312358,3973.9,4.99861,AdultOral.NOEL,1,AI ug/org/d
Insecticide,PROPARGITE,2312358,3973.9,4.99861,AdultOral.NOEL,100,AI ug/org
Insecticide,PROPARGITE,2312358,3973.9,4.99861,AdultOral.NOEL,100,AI ug/org
Insecticide,PROPARGITE,2312358,3973.9,4.99861,AdultOral.NOEL,1,AI ug/org/d
Insecticide,PROPARGITE,2312358,3973.9,4.99861,LarvaOral.LD50,25.31,AI ug/org/d
Insecticide,PROPARGITE,2312358,3973.9,4.99861,LarvaOral.LD50,4.8,AI ug/org/d
Insecticide,PROPARGITE,2312358,3973.9,4.99861,LarvaOral.NOEL,1.3,AI ug/org/d
Insecticide,PROPARGITE,2312358,3973.9,4.99861,LarvaOral.NOEL,2.5,AI ug/org/d
Insecticide,PROPARGITE,2312358,3973.9,4.99861,LarvaOral.NOEL,1.3,AI ug/org/d
Insecticide,PROPARGITE,2312358,3973.9,4.99861,LarvaOral.NOEL,1.3,AI ug/org/d
Insecticide,PYRETHRINS,8003347,NA,NA,AdultContact.LD50,0.63,ug/bee
Insecticide,ROTENONE,83794,10020,4.09762,AdultContact.LD50,2.42,ug/bee
Insecticide,SPINETORAM,935545747,NA,NA,AdultContact.LD50,0.024,AI ug/org
Insecticide,SPINETORAM,935545747,NA,NA,AdultOral.LD50,0.11,AI ug/org
Insecticide,SPINETORAM,935545747,NA,NA,AdultOral.NOEL,0.066,AI ug/org
Insecticide,SPINOSYN,NA,NA,NA,NA,NA,NA
Insecticide,SPIROMESIFEN,283594901,5511.98,4.54555,AdultContact.LD50,200,AI ug/org
Insecticide,SPIROMESIFEN,283594901,5511.98,4.54555,AdultContact.LD50,200,AI ug/org
Insecticide,SPIROMESIFEN,283594901,5511.98,4.54555,AdultOral.LD50,64.1,AI ug/org
Insecticide,SPIROMESIFEN,283594901,5511.98,4.54555,AdultOral.LD50,792.4,AI ug/org
Insecticide,SPIROMESIFEN,283594901,5511.98,4.54555,AdultOral.NOEL,42,AI ug/org/d
Insecticide,SPIROMESIFEN,283594901,5511.98,4.54555,AdultOral.NOEL,166.1,AI ug/org
Insecticide,SPIROMESIFEN,283594901,5511.98,4.54555,AdultOral.NOEL,30,AI ug/org/d
Insecticide,SPIROMESIFEN,283594901,5511.98,4.54555,AdultOral.NOEL,25,AI ug/org
Insecticide,SPIROMESIFEN,283594901,5511.98,4.54555,LarvaOral.LD50,0.07,AI ug/org/d
Insecticide,SPIROMESIFEN,283594901,5511.98,4.54555,LarvaOral.LD50,0.06,AI ug/org/d
Insecticide,SPIROMESIFEN,283594901,5511.98,4.54555,LarvaOral.LD50,0.3,AI ug/org/d
Insecticide,SPIROMESIFEN,283594901,5511.98,4.54555,LarvaOral.NOEL,0.3,AI ug/org/d
Insecticide,SPIROMESIFEN,283594901,5511.98,4.54555,LarvaOral.NOEL,0.3,AI ug/org/d
Insecticide,SPIROMESIFEN,283594901,5511.98,4.54555,LarvaOral.NOEL,0.07,AI ug/org/d
Insecticide,SPIROMESIFEN,283594901,5511.98,4.54555,LarvaOral.NOEL,0.07,AI ug/org/d
Insecticide,SULFOXAFLOR,946578003,389.619,2.44773,AdultContact.LD50,0.13,AI ug/org
Insecticide,SULFOXAFLOR,946578003,389.619,2.44773,AdultContact.LD50,0.379,AI ug/org
Insecticide,SULFOXAFLOR,946578003,389.619,2.44773,AdultContact.LD50,0.224,AI ug/org
Insecticide,SULFOXAFLOR,946578003,389.619,2.44773,AdultOral.LD50,0.0515,AI ug/org
Insecticide,SULFOXAFLOR,946578003,389.619,2.44773,AdultOral.LD50,0.146,AI ug/org
Insecticide,SULFOXAFLOR,946578003,389.619,2.44773,AdultOral.NOEL,0.00539,AI ug/org/d
Insecticide,SULFOXAFLOR,946578003,389.619,2.44773,AdultOral.NOEL,0.0116,AI ug/org/d
Insecticide,SULFOXAFLOR,946578003,389.619,2.44773,AdultOral.NOEL,0.00998,AI ug/org/d
Insecticide,SULFOXAFLOR,946578003,389.619,2.44773,AdultOral.NOEL,0.0116,AI ug/org/d
Insecticide,SULFOXAFLOR,946578003,389.619,2.44773,LarvaOral.LD50,2.65,AI ug/org
Insecticide,SULFOXAFLOR,946578003,389.619,2.44773,LarvaOral.LD50,0.247,AI ug/org
Insecticide,SULFOXAFLOR,946578003,389.619,2.44773,LarvaOral.LD50,0.4147,AI ug/org/d
Insecticide,SULFOXAFLOR,946578003,389.619,2.44773,LarvaOral.NOEL,0.212,AI ug/org/d
Insecticide,SULFOXAFLOR,946578003,389.619,2.44773,LarvaOral.NOEL,0.212,AI ug/org/d
Insecticide,SULFOXAFLOR,946578003,389.619,2.44773,LarvaOral.NOEL,0.4147,AI ug/org/d
Insecticide,SULFOXAFLOR,946578003,389.619,2.44773,LarvaOral.NOEL,0.4147,AI ug/org/d
Insecticide,SULFUR,7704349,NA,NA,AdultContact.LD50,1051,ug/bee
Insecticide,SULFUR,7704349,NA,NA,AdultContact.LD50,1051,ug/bee
Insecticide,SULFUR,7704349,NA,NA,AdultContact.LD50,1051,ug/bee
Insecticide,SULFUR,7704349,NA,NA,AdultContact.LD50,1051,ug/bee
Insecticide,TEBUPIRIMPHOS,96182535,373.983,3.54339,NA,NA,NA
Insecticide,TEFLUTHRIN,79538322,1529.46,6.49966,AdultContact.LD50,0.17,AI ug/org
Insecticide,TEFLUTHRIN,79538322,1529.46,6.49966,AdultOral.LD50,1.74,AI ug/org
Insecticide,TERBUFOS,13071799,660.363,4.47814,AdultContact.LD50,4.09,ug/bee
Insecticide,THIAMETHOXAM,153719234,119.597,-0.119138,AdultContact.LD50,0.024,AI ug/org
Insecticide,THIAMETHOXAM,153719234,119.597,-0.119138,AdultContact.LD50,0.46,AI ug/org
Insecticide,THIAMETHOXAM,153719234,119.597,-0.119138,AdultContact.LD50,0.093,ug/bee
Insecticide,THIAMETHOXAM,153719234,119.597,-0.119138,AdultContact.LD50,0.0198,AI ug/org
Insecticide,THIAMETHOXAM,153719234,119.597,-0.119138,AdultContact.LD50,34.4,AI ng/org
Insecticide,THIAMETHOXAM,153719234,119.597,-0.119138,AdultContact.LD50,0.023,AI ug/org
Insecticide,THIAMETHOXAM,153719234,119.597,-0.119138,AdultContact.LD50,0.11,AI ug/org
Insecticide,THIAMETHOXAM,153719234,119.597,-0.119138,AdultOral.LD50,0.005,AI ug/org
Insecticide,THIAMETHOXAM,153719234,119.597,-0.119138,AdultOral.LD50,4.4,AI ng/org
Insecticide,THIAMETHOXAM,153719234,119.597,-0.119138,AdultOral.LD50,0.00309,AI ug/org
Insecticide,THIAMETHOXAM,153719234,119.597,-0.119138,AdultOral.LD50,0.02,AI ug/org
Insecticide,THIAMETHOXAM,153719234,119.597,-0.119138,AdultOral.NOEL,0.002,AI ug/org
Insecticide,THIAMETHOXAM,153719234,119.597,-0.119138,AdultOral.NOEL,0.00251,AI ug/org/d
Insecticide,THIAMETHOXAM,153719234,119.597,-0.119138,AdultOral.NOEL,0.00117,AI ug/org/d
Insecticide,THIAMETHOXAM,153719234,119.597,-0.119138,AdultOral.NOEL,0.00898,AI ug/org/d
Insecticide,THIAMETHOXAM,153719234,119.597,-0.119138,AdultOral.NOEL,2e-4,AI mg/kg food
Insecticide,THIAMETHOXAM,153719234,119.597,-0.119138,AdultOral.NOEL,0.00898,AI ug/org/d
Insecticide,THIAMETHOXAM,153719234,119.597,-0.119138,AdultOral.NOEL,2e-4,AI mg/kg food
Insecticide,THIAMETHOXAM,153719234,119.597,-0.119138,LarvaOral.LD50,0.78,AI ug/org/d
Insecticide,THIAMETHOXAM,153719234,119.597,-0.119138,LarvaOral.LD50,0.12,AI ug/org/d
Insecticide,THIAMETHOXAM,153719234,119.597,-0.119138,LarvaOral.NOEL,0.028,AI ug/org/d
Insecticide,THIAMETHOXAM,153719234,119.597,-0.119138,LarvaOral.NOEL,0.004,AI ug/org/d
Insecticide,THIAMETHOXAM,153719234,119.597,-0.119138,LarvaOral.NOEL,0.12,AI ug/org/d
Insecticide,THIAMETHOXAM,153719234,119.597,-0.119138,LarvaOral.NOEL,0.004,AI ug/org/d
Insecticide,THIAMETHOXAM,153719234,119.597,-0.119138,LarvaOral.NOEL,0.004,AI ug/org/d
Insecticide,THIODICARB,59669260,NA,NA,AdultContact.LD50,2.11,AI ug/org
Insecticide,THIODICARB,59669260,NA,NA,AdultContact.LD50,25,AI ug/org
Insecticide,THIODICARB,59669260,NA,NA,AdultOral.LD50,0.13,AI ug/org
Insecticide,TRALOMETHRIN,66841256,NA,NA,AdultContact.LD50,0.126,AI ug/org
Insecticide,ZETA-CYPERMETHRIN,1315501188,99845.4,6.59788,NA,NA,NA
